combo_key,combo_key_raw,dim_agent_field,dim_product_field,dim_customer_field,dim_agent,dim_product,dim_customer,total_orders,activated_orders,first_payment_orders,activation_rate_pct,first_payment_rate_pct,avg_gcv,median_gcv,stddev_gcv,avg_derived_ltv,median_derived_ltv,stddev_derived_ltv,avg_upfront_realized,avg_residual_per_month,avg_survival_sum,avg_expected_trailing,avg_gap,median_gap,avg_gap_pct_of_gcv,orders_gcv_above_ltv,orders_ltv_above_gcv,total_gcv,total_derived_ltv,total_gap,run_ts,period_start,period_end,gcv_pct_rank,ltv_pct_rank,pct_rank_delta
Center × Product Type × Brand Category,center__product_type__brand,center_location,sold_product_type,brand_category,Charlotte,Bundled,Branded,459,401,357,87.4,77.8,329.11,329.76,1.02,233.43,280.09,87.4,163.33,7.23,9.70,70.09,95.68,49.67,29.1,459,0,151061.06,107143.54,43917.52,2026-04-17T21:17:51.061Z,2025-03-01,2025-07-01,0.7783,0.1850,0.5933
Center × Product Type × Brand Category,center__product_type__brand,center_location,sold_product_type,brand_category,Charlotte,Bundled,Non-Brand,861,761,710,88.4,82.5,329.13,329.76,1.01,262.98,299.81,79.91,173.17,8.60,10.44,89.81,66.15,29.95,20.1,861,0,283378.63,226426.24,56952.39,2026-04-17T21:17:51.061Z,2025-03-01,2025-07-01,0.7785,0.7312,0.0473
Center × Product Type × Brand Category,center__product_type__brand,center_location,sold_product_type,brand_category,Charlotte,Fixed,Branded,372,351,312,94.4,83.9,250.68,251.94,56.56,243.43,279.11,87.26,189.33,6.37,8.49,54.11,4.67,-42.86,1.9,121,246,92000.66,90557.72,1442.94,2026-04-17T21:17:51.061Z,2025-03-01,2025-07-01,0.0000,0.3699,-0.3699
Center × Product Type × Brand Category,center__product_type__brand,center_location,sold_product_type,brand_category,Charlotte,Fixed,Non-Brand,748,725,648,96.9,86.6,261.90,256.65,53.93,230.83,255.5,88.4,175.33,6.38,8.70,55.50,26.00,-3.8,9.9,307,420,190401.67,172663.72,17737.95,2026-04-17T21:17:51.061Z,2025-03-01,2025-07-01,0.1113,0.1370,-0.0257
Center × Product Type × Brand Category,center__product_type__brand,center_location,sold_product_type,brand_category,Charlotte,Tiered,Branded,634,576,517,90.9,81.5,340.23,361.01,41.27,251.29,297.43,97.06,203.86,6.06,7.83,47.43,88.94,64.82,26.1,441,193,215705.01,159317.81,56387.20,2026-04-17T21:17:51.061Z,2025-03-01,2025-07-01,0.8887,0.5152,0.3735
Center × Product Type × Brand Category,center__product_type__brand,center_location,sold_product_type,brand_category,Charlotte,Tiered,Non-Brand,1070,987,936,92.2,87.5,341.83,361.01,38.64,261.77,293.08,82.78,218.69,5.09,8.46,43.08,80.06,67.93,23.4,975,95,365759.67,280092.04,85667.63,2026-04-17T21:17:51.061Z,2025-03-01,2025-07-01,0.9045,0.7089,0.1956
Center × Product Type × Brand Category,center__product_type__brand,center_location,sold_product_type,brand_category,Durban,Bundled,Branded,817,694,615,84.9,75.3,329.08,329.76,1.09,233.73,285.66,90.65,158.08,7.72,9.80,75.66,95.35,44.11,29.0,817,0,268860.35,190960.95,77899.40,2026-04-17T21:17:51.061Z,2025-03-01,2025-07-01,0.7780,0.1906,0.5874
Center × Product Type × Brand Category,center__product_type__brand,center_location,sold_product_type,brand_category,Durban,Bundled,Non-Brand,1745,1535,1415,88,81.1,329.19,329.76,1.05,261.21,300.92,82.26,170.29,8.99,10.11,90.92,67.97,28.84,20.6,1745,0,574429.84,455813.88,118615.96,2026-04-17T21:17:51.061Z,2025-03-01,2025-07-01,0.7791,0.6985,0.0806
Center × Product Type × Brand Category,center__product_type__brand,center_location,sold_product_type,brand_category,Durban,Fixed,Branded,2338,2157,1866,92.3,79.8,308.00,281.32,85.82,234.73,300.13,97.99,184.6,6.13,8.18,50.13,70.39,52.38,22.9,1641,661,709022.13,548796.61,160225.52,2026-04-17T21:17:51.061Z,2025-03-01,2025-07-01,0.5688,0.2091,0.3597
Center × Product Type × Brand Category,center__product_type__brand,center_location,sold_product_type,brand_category,Durban,Fixed,Non-Brand,4563,4261,3775,93.4,82.7,301.28,267.3,81.96,239.99,280.43,92.09,184.56,6.73,8.24,55.43,58.95,45.79,19.6,2771,1735,1357580.12,1095089.24,262490.88,2026-04-17T21:17:51.061Z,2025-03-01,2025-07-01,0.5021,0.3063,0.1958
Center × Product Type × Brand Category,center__product_type__brand,center_location,sold_product_type,brand_category,Durban,Tiered,Branded,298,260,234,87.2,78.5,338.44,361.01,42.02,273.10,326.79,102.84,196.31,10.05,7.64,76.79,65.34,35.46,19.3,202,96,100855.51,81384.03,19471.48,2026-04-17T21:17:51.061Z,2025-03-01,2025-07-01,0.8709,0.9183,-0.0474
Center × Product Type × Brand Category,center__product_type__brand,center_location,sold_product_type,brand_category,Durban,Tiered,Non-Brand,603,543,498,90,82.6,348.46,361.01,43.52,271.00,314.53,94.88,206.47,7.44,8.67,64.53,77.46,47.71,22.2,454,149,210124.32,163414.34,46709.98,2026-04-17T21:17:51.061Z,2025-03-01,2025-07-01,0.9703,0.8795,0.0908
Center × Product Type × Brand Category,center__product_type__brand,center_location,sold_product_type,brand_category,Jamaica,Bundled,Branded,1037,840,742,81,71.6,329.12,329.76,1.02,223.42,283.16,94.79,150.26,7.36,9.94,73.16,105.70,46.6,32.1,1037,0,341295.92,231685.26,109610.66,2026-04-17T21:17:51.061Z,2025-03-01,2025-07-01,0.7784,0.0000,0.7784
Center × Product Type × Brand Category,center__product_type__brand,center_location,sold_product_type,brand_category,Jamaica,Bundled,Non-Brand,2089,1790,1649,85.7,78.9,329.29,329.76,0.98,253.77,298,85.65,165.77,8.82,9.98,88.00,75.53,31.76,22.9,2089,0,687890.28,530116.03,157774.26,2026-04-17T21:17:51.061Z,2025-03-01,2025-07-01,0.7801,0.5610,0.2191
Center × Product Type × Brand Category,center__product_type__brand,center_location,sold_product_type,brand_category,Jamaica,Fixed,Branded,2820,2594,2240,92,79.4,320.96,350.07,84.06,237.99,298.32,97.23,189.67,6.02,8.03,48.32,81.07,54.67,25.3,2078,714,896119.04,671129.56,224989.48,2026-04-17T21:17:51.061Z,2025-03-01,2025-07-01,0.6974,0.2693,0.4281
Center × Product Type × Brand Category,center__product_type__brand,center_location,sold_product_type,brand_category,Jamaica,Fixed,Non-Brand,5199,4823,4254,92.8,81.8,319.95,350.07,82,246.64,305.84,93.15,190.81,6.57,8.50,55.84,71.38,47.15,22.3,3528,1619,1646796.27,1282304.00,364492.27,2026-04-17T21:17:51.061Z,2025-03-01,2025-07-01,0.6874,0.4292,0.2582
Center × Product Type × Brand Category,center__product_type__brand,center_location,sold_product_type,brand_category,Jamaica,Tiered,Branded,265,228,207,86,78.1,343.63,361.01,38.93,258.43,313.15,103.57,195.28,7.42,8.51,63.15,85.20,49.1,24.8,199,66,91062.60,68485.18,22577.42,2026-04-17T21:17:51.061Z,2025-03-01,2025-07-01,0.9224,0.6471,0.2753
Center × Product Type × Brand Category,center__product_type__brand,center_location,sold_product_type,brand_category,Jamaica,Tiered,Non-Brand,622,548,515,88.1,82.8,351.45,362.25,41.73,277.52,320.52,94.43,206.99,8.08,8.73,70.52,73.94,43.11,21.0,497,125,218603.77,172614.83,45988.94,2026-04-17T21:17:51.061Z,2025-03-01,2025-07-01,1.0000,1.0000,0.0000
Center × Product Type × Mover/Switcher,center__product_type__mover_switcher,center_location,sold_product_type,mover_switcher,Charlotte,Bundled,Mover,822,737,651,89.7,79.2,329.08,329.76,1.03,244.55,288.23,85.29,166.31,7.81,10.02,78.23,84.54,41.53,25.7,822,0,270506.49,201017.34,69489.16,2026-04-17T21:17:51.061Z,2025-03-01,2025-07-01,0.6946,0.2417,0.4529
Center × Product Type × Mover/Switcher,center__product_type__mover_switcher,center_location,sold_product_type,mover_switcher,Charlotte,Bundled,Switcher,498,425,416,85.3,83.5,329.18,329.76,0.99,288.09,322.67,77.96,175.42,10.70,10.53,112.67,41.09,7.09,12.5,498,0,163933.20,143470.16,20463.04,2026-04-17T21:17:51.061Z,2025-03-01,2025-07-01,0.6956,1.0000,-0.3044
Center × Product Type × Mover/Switcher,center__product_type__mover_switcher,center_location,sold_product_type,mover_switcher,Charlotte,Fixed,Mover,747,714,620,95.6,83,257.05,256.65,59.78,234.26,295.34,91.6,188.92,5.58,8.13,45.34,17.33,-34.55,6.7,318,408,186617.95,174991.28,11626.67,2026-04-17T21:17:51.061Z,2025-03-01,2025-07-01,0.0000,0.0625,-0.0625
Center × Product Type × Mover/Switcher,center__product_type__mover_switcher,center_location,sold_product_type,mover_switcher,Charlotte,Fixed,Switcher,373,362,340,97.1,91.2,260.28,251.94,44.28,233.31,271.22,78.16,162.09,7.54,9.45,71.22,24.77,-19.27,9.5,164,204,95784.38,87023.31,8761.07,2026-04-17T21:17:51.061Z,2025-03-01,2025-07-01,0.0311,0.0460,-0.0149
Center × Product Type × Mover/Switcher,center__product_type__mover_switcher,center_location,sold_product_type,mover_switcher,Charlotte,Tiered,Mover,1292,1194,1101,92.4,85.2,338.33,361.01,40.32,262.35,299.31,88.77,213.04,6.07,8.12,49.31,75.97,61.7,22.5,872,420,437120.65,338961.98,98158.67,2026-04-17T21:17:51.061Z,2025-03-01,2025-07-01,0.7838,0.5517,0.2321
Center × Product Type × Mover/Switcher,center__product_type__mover_switcher,center_location,sold_product_type,mover_switcher,Charlotte,Tiered,Switcher,412,369,352,89.6,85.4,350.35,361.01,35.95,257.10,293.51,88.29,213.59,4.81,9.05,43.51,93.25,68.74,26.6,361,51,144344.03,105924.66,38419.37,2026-04-17T21:17:51.061Z,2025-03-01,2025-07-01,0.8997,0.4603,0.4394
Center × Product Type × Mover/Switcher,center__product_type__mover_switcher,center_location,sold_product_type,mover_switcher,Durban,Bundled,Mover,1515,1352,1195,89.2,78.9,329.14,329.76,1.05,245.62,289.97,85.75,165.64,8.07,9.91,79.97,83.52,39.79,25.4,1515,0,498645.65,372110.16,126535.49,2026-04-17T21:17:51.061Z,2025-03-01,2025-07-01,0.6952,0.2604,0.4348
Center × Product Type × Mover/Switcher,center__product_type__mover_switcher,center_location,sold_product_type,mover_switcher,Durban,Bundled,Switcher,1047,877,835,83.8,79.8,329.17,329.76,1.08,282.12,324.64,84.43,167.48,11.19,10.25,114.64,47.05,5.44,14.3,1047,0,344644.54,295379.70,49264.84,2026-04-17T21:17:51.061Z,2025-03-01,2025-07-01,0.6955,0.8960,-0.2005
Center × Product Type × Mover/Switcher,center__product_type__mover_switcher,center_location,sold_product_type,mover_switcher,Durban,Fixed,Mover,5078,4729,4118,93.1,81.1,311.10,324.68,85.72,238.83,297.85,94.83,190.98,5.97,8.02,47.85,69.45,54.66,22.3,3520,1484,1556760.73,1212760.01,344000.71,2026-04-17T21:17:51.061Z,2025-03-01,2025-07-01,0.5212,0.1421,0.3791
Center × Product Type × Mover/Switcher,center__product_type__mover_switcher,center_location,sold_product_type,mover_switcher,Durban,Fixed,Switcher,1823,1689,1523,92.6,83.5,282.62,260.69,72.36,230.67,263.93,89.77,166.75,7.30,8.76,63.93,50.19,33.13,17.8,946,858,509841.52,420517.28,89324.24,2026-04-17T21:17:51.061Z,2025-03-01,2025-07-01,0.2466,0.0000,0.2466
Center × Product Type × Mover/Switcher,center__product_type__mover_switcher,center_location,sold_product_type,mover_switcher,Durban,Tiered,Mover,597,539,483,90.3,80.9,339.82,361.01,41.5,260.11,307.84,98.35,202.26,7.10,8.15,57.84,79.71,54.4,23.5,420,177,202872.03,155282.69,47589.34,2026-04-17T21:17:51.061Z,2025-03-01,2025-07-01,0.7982,0.5127,0.2855
Center × Product Type × Mover/Switcher,center__product_type__mover_switcher,center_location,sold_product_type,mover_switcher,Durban,Tiered,Switcher,304,264,249,86.8,81.9,355.62,361.01,44.8,281.65,326.88,96.4,204.77,8.24,9.33,76.88,73.97,35.37,20.8,240,64,108107.81,85621.28,22486.53,2026-04-17T21:17:51.061Z,2025-03-01,2025-07-01,0.9505,0.8878,0.0627
Center × Product Type × Mover/Switcher,center__product_type__mover_switcher,center_location,sold_product_type,mover_switcher,Jamaica,Bundled,Mover,1755,1506,1315,85.8,74.9,329.14,329.76,1.03,234.20,286.85,91.04,157.35,7.79,9.87,76.85,94.94,42.91,28.8,1755,0,577641.36,411018.85,166622.50,2026-04-17T21:17:51.061Z,2025-03-01,2025-07-01,0.6952,0.0615,0.6337
Center × Product Type × Mover/Switcher,center__product_type__mover_switcher,center_location,sold_product_type,mover_switcher,Jamaica,Bundled,Switcher,1371,1124,1076,82,78.5,329.35,329.76,0.95,272.81,318,86.33,164.81,10.66,10.13,108.00,56.54,11.76,17.2,1371,0,451544.84,374023.15,77521.70,2026-04-17T21:17:51.061Z,2025-03-01,2025-07-01,0.6972,0.7339,-0.0367
Center × Product Type × Mover/Switcher,center__product_type__mover_switcher,center_location,sold_product_type,mover_switcher,Jamaica,Fixed,Mover,5823,5401,4700,92.8,80.7,325.08,350.07,83.33,239.99,294.88,95.24,195.11,5.53,8.12,44.88,83.15,57.63,25.6,4280,1486,1874383.41,1397489.86,476893.55,2026-04-17T21:17:51.061Z,2025-03-01,2025-07-01,0.6560,0.1623,0.4937
Center × Product Type × Mover/Switcher,center__product_type__mover_switcher,center_location,sold_product_type,mover_switcher,Jamaica,Fixed,Switcher,2196,2016,1794,91.8,81.7,307.65,267.41,79.76,247.04,274.12,91.76,177.92,7.74,8.93,69.12,58.73,76.16,19.1,1281,892,668531.90,542498.57,126033.33,2026-04-17T21:17:51.061Z,2025-03-01,2025-07-01,0.4879,0.2851,0.2028
Center × Product Type × Mover/Switcher,center__product_type__mover_switcher,center_location,sold_product_type,mover_switcher,Jamaica,Tiered,Mover,511,460,417,90,81.6,340.56,361.01,41.33,252.79,298.77,96.96,204.01,5.77,8.45,48.77,87.77,63.47,25.8,365,146,174025.51,129173.42,44852.10,2026-04-17T21:17:51.061Z,2025-03-01,2025-07-01,0.8053,0.3852,0.4201
Center × Product Type × Mover/Switcher,center__product_type__mover_switcher,center_location,sold_product_type,mover_switcher,Jamaica,Tiered,Switcher,376,316,305,84,81.1,360.75,362.25,37.73,287.69,334.9,97.97,202.79,9.24,9.19,84.90,73.06,28.73,20.3,325,51,135640.86,108171.32,27469.54,2026-04-17T21:17:51.061Z,2025-03-01,2025-07-01,1.0000,0.9930,0.0070
Center × Product Type × Site/SERP,center__product_type__site_serp,center_location,sold_product_type,site_serp_category,Charlotte,Bundled,SERP,423,366,317,86.5,74.9,328.99,329.76,1.06,232.73,285.35,91.11,157.38,7.89,9.55,75.35,96.27,44.41,29.3,423,0,139163.46,98442.84,40720.62,2026-04-17T21:17:51.061Z,2025-03-01,2025-07-01,0.7720,0.1550,0.6170
Center × Product Type × Site/SERP,center__product_type__site_serp,center_location,sold_product_type,site_serp_category,Charlotte,Bundled,Site,897,796,750,88.7,83.6,329.18,329.76,0.99,267.42,301.84,77.78,175.59,8.60,10.68,91.84,61.76,27.92,18.8,897,0,295276.24,239879.94,55396.29,2026-04-17T21:17:51.061Z,2025-03-01,2025-07-01,0.7739,0.7340,0.0399
Center × Product Type × Site/SERP,center__product_type__site_serp,center_location,sold_product_type,site_serp_category,Charlotte,Fixed,SERP,372,347,301,93.3,80.9,253.46,255.93,57.47,239.96,276.49,91.69,188.47,6.18,8.33,51.49,11.97,-40.7,4.7,145,224,93525.88,89264.93,4260.95,2026-04-17T21:17:51.061Z,2025-03-01,2025-07-01,0.0000,0.2757,-0.2757
Center × Product Type × Site/SERP,center__product_type__site_serp,center_location,sold_product_type,site_serp_category,Charlotte,Fixed,Site,748,729,659,97.5,88.1,260.52,256.82,53.67,233.39,257.63,86.21,175.76,6.49,8.88,57.63,21.55,-6.3,8.3,300,425,188876.45,174578.14,14298.31,2026-04-17T21:17:51.061Z,2025-03-01,2025-07-01,0.0722,0.1661,-0.0939
Center × Product Type × Site/SERP,center__product_type__site_serp,center_location,sold_product_type,site_serp_category,Charlotte,Tiered,SERP,561,505,449,90,80,339.22,361.01,41.37,252.35,302.26,100.02,200.09,6.74,7.75,52.26,86.87,59.99,25.6,392,169,190301.94,141568.96,48732.98,2026-04-17T21:17:51.061Z,2025-03-01,2025-07-01,0.8765,0.4825,0.3940
Center × Product Type × Site/SERP,center__product_type__site_serp,center_location,sold_product_type,site_serp_category,Charlotte,Tiered,Site,1143,1058,1004,92.6,87.8,342.22,361.01,38.74,263.69,294.09,81.74,219.6,5.12,8.61,44.09,78.53,68.15,22.9,971,172,391162.74,301398.80,89763.94,2026-04-17T21:17:51.061Z,2025-03-01,2025-07-01,0.9072,0.6717,0.2355
Center × Product Type × Site/SERP,center__product_type__site_serp,center_location,sold_product_type,site_serp_category,Durban,Bundled,SERP,741,634,544,85.6,73.4,329.01,329.76,1.1,231.95,287.78,92.84,154.17,7.99,9.74,77.78,97.06,41.98,29.5,741,0,243796.18,171876.94,71919.23,2026-04-17T21:17:51.061Z,2025-03-01,2025-07-01,0.7722,0.1420,0.6302
Center × Product Type × Site/SERP,center__product_type__site_serp,center_location,sold_product_type,site_serp_category,Durban,Bundled,Site,1821,1595,1486,87.6,81.6,329.21,329.76,1.04,263.23,301.86,81.39,171.37,9.00,10.21,91.86,65.98,27.9,20.0,1821,0,599494.01,479342.52,120151.49,2026-04-17T21:17:51.061Z,2025-03-01,2025-07-01,0.7742,0.6641,0.1101
Center × Product Type × Site/SERP,center__product_type__site_serp,center_location,sold_product_type,site_serp_category,Durban,Fixed,SERP,2262,2088,1760,92.3,77.8,306.38,277.91,86.06,231.51,299.28,100.26,182.23,6.21,7.94,49.28,72.08,53.22,23.5,1552,676,682610.21,523682.15,158928.05,2026-04-17T21:17:51.061Z,2025-03-01,2025-07-01,0.5409,0.1347,0.4062
Center × Product Type × Site/SERP,center__product_type__site_serp,center_location,sold_product_type,site_serp_category,Durban,Fixed,Site,4639,4330,3881,93.3,83.7,302.18,267.41,81.96,242.48,281.76,90.97,185.72,6.72,8.45,56.76,57.31,44.45,19.0,2850,1730,1383992.04,1124882.45,259109.59,2026-04-17T21:17:51.061Z,2025-03-01,2025-07-01,0.4980,0.3178,0.1802
Center × Product Type × Site/SERP,center__product_type__site_serp,center_location,sold_product_type,site_serp_category,Durban,Tiered,SERP,294,254,220,86.4,74.8,337.70,361.01,42.83,260.07,323,108.68,187.07,9.61,7.60,73.00,77.63,39.25,23.0,207,87,99283.51,76461.28,22822.23,2026-04-17T21:17:51.061Z,2025-03-01,2025-07-01,0.8610,0.6113,0.2497
Center × Product Type × Site/SERP,center__product_type__site_serp,center_location,sold_product_type,site_serp_category,Durban,Tiered,Site,607,549,512,90.4,84.3,348.76,361.01,43.05,271.90,311.03,90.91,210.87,6.80,8.98,61.03,76.86,51.22,22.0,457,150,211696.32,165045.21,46651.11,2026-04-17T21:17:51.061Z,2025-03-01,2025-07-01,0.9740,0.8087,0.1653
Center × Product Type × Site/SERP,center__product_type__site_serp,center_location,sold_product_type,site_serp_category,Jamaica,Bundled,SERP,981,803,697,81.9,71,329.10,329.76,1.04,223.44,284.24,95.29,149.2,7.88,9.42,74.24,105.66,45.52,32.1,981,0,322848.51,219196.97,103651.54,2026-04-17T21:17:51.061Z,2025-03-01,2025-07-01,0.7731,0.0000,0.7731
Center × Product Type × Site/SERP,center__product_type__site_serp,center_location,sold_product_type,site_serp_category,Jamaica,Bundled,Site,2145,1827,1694,85.2,79,329.29,329.76,0.97,256.89,301.05,85.59,165.85,8.79,10.36,91.05,72.40,28.71,22.0,2145,0,706337.69,551035.43,155302.26,2026-04-17T21:17:51.061Z,2025-03-01,2025-07-01,0.7750,0.5582,0.2168
Center × Product Type × Site/SERP,center__product_type__site_serp,center_location,sold_product_type,site_serp_category,Jamaica,Fixed,SERP,2658,2442,2084,91.9,78.4,319.61,350.07,83.91,237.11,298.98,98.78,188.12,6.15,7.97,48.98,80.14,53.52,25.1,1909,716,838964.36,630226.47,208737.90,2026-04-17T21:17:51.061Z,2025-03-01,2025-07-01,0.6761,0.2281,0.4480
Center × Product Type × Site/SERP,center__product_type__site_serp,center_location,sold_product_type,site_serp_category,Jamaica,Fixed,Site,5361,4975,4410,92.8,82.3,320.65,350.07,82.15,247.92,306.38,92.45,191.54,6.53,8.63,56.38,71.04,46.61,22.2,3689,1625,1703950.94,1329088.29,374862.65,2026-04-17T21:17:51.061Z,2025-03-01,2025-07-01,0.6867,0.4085,0.2782
Center × Product Type × Site/SERP,center__product_type__site_serp,center_location,sold_product_type,site_serp_category,Jamaica,Tiered,SERP,252,213,185,84.5,73.4,343.62,361.01,41.49,246.41,312.88,110.67,183.53,7.51,8.37,62.88,97.21,49.37,28.3,192,60,86592.82,62096.07,24496.75,2026-04-17T21:17:51.061Z,2025-03-01,2025-07-01,0.9215,0.3833,0.5382
Center × Product Type × Site/SERP,center__product_type__site_serp,center_location,sold_product_type,site_serp_category,Jamaica,Tiered,Site,635,563,537,88.7,84.6,351.30,362.25,40.7,283.36,321.94,90.39,211.42,8.12,8.86,71.94,67.94,41.69,19.3,504,131,223073.55,179933.93,43139.62,2026-04-17T21:17:51.061Z,2025-03-01,2025-07-01,1.0000,1.0000,0.0000
Quartile × Product Type × Brand Category,quartile__product_type__brand,performance_quartile,sold_product_type,brand_category,Q1,Bundled,Branded,810,659,582,81.4,71.9,329.06,329.76,1.04,220.97,280.08,94.5,150.89,7.11,9.86,70.08,108.10,49.69,32.9,810,0,266540.45,178981.69,87558.76,2026-04-17T21:17:51.061Z,2025-03-01,2025-07-01,0.5147,0.0000,0.5147
Quartile × Product Type × Brand Category,quartile__product_type__brand,performance_quartile,sold_product_type,brand_category,Q1,Bundled,Non-Brand,1336,1148,1055,85.9,79,329.10,329.76,1.04,254.63,298.79,85.62,165.83,8.62,10.30,88.79,74.47,30.97,22.6,1336,0,439672.27,340179.61,99492.65,2026-04-17T21:17:51.061Z,2025-03-01,2025-07-01,0.5155,0.2851,0.2304
Quartile × Product Type × Brand Category,quartile__product_type__brand,performance_quartile,sold_product_type,brand_category,Q1,Fixed,Branded,1747,1629,1422,93.2,81.4,315.54,328.47,83.4,243.53,301.16,93.97,192.38,6.25,8.19,51.16,69.89,50.59,22.1,1221,507,545247.33,425454.97,119792.36,2026-04-17T21:17:51.061Z,2025-03-01,2025-07-01,0.2143,0.1911,0.0232
Quartile × Product Type × Brand Category,quartile__product_type__brand,performance_quartile,sold_product_type,brand_category,Q1,Fixed,Non-Brand,2999,2814,2503,93.8,83.5,308.14,277.91,80.97,243.86,280.44,91.21,188.42,6.40,8.66,55.44,62.12,45.78,20.2,1884,1081,913645.39,731344.16,182301.23,2026-04-17T21:17:51.061Z,2025-03-01,2025-07-01,0.0500,0.1939,-0.1439
Quartile × Product Type × Brand Category,quartile__product_type__brand,performance_quartile,sold_product_type,brand_category,Q1,Tiered,Branded,606,539,473,88.9,78.1,342.42,361.01,42.36,243.88,298.75,103.56,195.13,6.17,7.90,48.75,98.54,63.5,28.8,439,167,207505.61,147792.00,59713.61,2026-04-17T21:17:51.061Z,2025-03-01,2025-07-01,0.8114,0.1941,0.6173
Quartile × Product Type × Brand Category,quartile__product_type__brand,performance_quartile,sold_product_type,brand_category,Q1,Tiered,Non-Brand,1061,968,917,91.2,86.4,345.39,361.01,41.2,254.63,288.56,85.66,216.07,4.48,8.61,38.56,90.75,73.68,26.3,1059,2,366456.19,270166.23,96289.96,2026-04-17T21:17:51.061Z,2025-03-01,2025-07-01,0.8774,0.2851,0.5923
Quartile × Product Type × Brand Category,quartile__product_type__brand,performance_quartile,sold_product_type,brand_category,Q2,Bundled,Branded,661,570,514,86.2,77.8,328.97,329.76,1.08,233.67,280.37,87.4,163.3,7.07,9.95,70.37,95.29,49.39,29.0,661,0,217446.94,154457.73,62989.21,2026-04-17T21:17:51.061Z,2025-03-01,2025-07-01,0.5127,0.1076,0.4051
Quartile × Product Type × Brand Category,quartile__product_type__brand,performance_quartile,sold_product_type,brand_category,Q2,Bundled,Non-Brand,1519,1340,1248,88.2,82.2,329.13,329.76,1.05,263.46,300.93,80.43,172.53,9.07,10.03,90.93,65.67,28.83,20.0,1519,0,499943.78,400197.73,99746.04,2026-04-17T21:17:51.061Z,2025-03-01,2025-07-01,0.5162,0.3599,0.1563
Quartile × Product Type × Brand Category,quartile__product_type__brand,performance_quartile,sold_product_type,brand_category,Q2,Fixed,Branded,1472,1348,1187,91.6,80.6,312.30,328.47,85.98,239.71,299.87,95.81,189.84,6.12,8.15,49.87,70.77,51.35,22.7,1036,422,455329.07,352851.41,102477.67,2026-04-17T21:17:51.061Z,2025-03-01,2025-07-01,0.1424,0.1587,-0.0163
Quartile × Product Type × Brand Category,quartile__product_type__brand,performance_quartile,sold_product_type,brand_category,Q2,Fixed,Non-Brand,2792,2613,2313,93.6,82.8,306.17,267.41,81.44,240.69,279.83,92.53,185.86,6.71,8.17,54.83,62.51,46.39,20.4,1732,1016,841352.31,671998.13,169354.18,2026-04-17T21:17:51.061Z,2025-03-01,2025-07-01,0.0062,0.1670,-0.1608
Quartile × Product Type × Brand Category,quartile__product_type__brand,performance_quartile,sold_product_type,brand_category,Q2,Tiered,Branded,315,285,265,90.5,84.1,338.19,361.01,37.98,339.02,378.7,91.5,210.32,15.60,8.25,128.70,-0.82,-17.69,-0.2,59,256,106530.77,106790.50,-259.73,2026-04-17T21:17:51.061Z,2025-03-01,2025-07-01,0.7175,1.0000,-0.2825
Quartile × Product Type × Brand Category,quartile__product_type__brand,performance_quartile,sold_product_type,brand_category,Q2,Tiered,Non-Brand,599,543,505,90.7,84.3,343.62,361.01,38.62,258.36,297.59,91.01,210.77,5.71,8.33,47.59,85.27,64.66,24.8,443,156,205829.97,154754.70,51075.28,2026-04-17T21:17:51.061Z,2025-03-01,2025-07-01,0.8381,0.3167,0.5214
Quartile × Product Type × Brand Category,quartile__product_type__brand,performance_quartile,sold_product_type,brand_category,Q3,Bundled,Branded,506,430,376,85,74.3,329.33,329.76,0.98,231.08,285.03,91.85,156.05,7.55,9.94,75.03,98.25,45.05,29.8,506,0,166641.13,116926.14,49714.99,2026-04-17T21:17:51.061Z,2025-03-01,2025-07-01,0.5207,0.0856,0.4351
Quartile × Product Type × Brand Category,quartile__product_type__brand,performance_quartile,sold_product_type,brand_category,Q3,Bundled,Non-Brand,1166,1017,937,87.2,80.4,329.42,329.76,0.91,255.55,296.79,83.46,168.76,8.60,10.09,86.79,73.87,33.29,22.4,1166,0,384102.05,297968.54,86133.51,2026-04-17T21:17:51.061Z,2025-03-01,2025-07-01,0.5227,0.2929,0.2298
Quartile × Product Type × Brand Category,quartile__product_type__brand,performance_quartile,sold_product_type,brand_category,Q3,Fixed,Branded,1372,1272,1089,92.7,79.4,305.89,267.41,85.42,233.04,298.25,98.39,184.79,6.09,7.92,48.25,69.70,54.26,22.8,948,401,412652.10,319735.47,92916.64,2026-04-17T21:17:51.061Z,2025-03-01,2025-07-01,0.0000,0.1022,-0.1022
Quartile × Product Type × Brand Category,quartile__product_type__brand,performance_quartile,sold_product_type,brand_category,Q3,Fixed,Non-Brand,2847,2664,2344,93.6,82.3,308.27,267.41,81.97,241.98,303.28,92.22,188.71,6.45,8.26,53.28,64.21,49.23,20.8,1787,1029,868081.41,688929.62,179151.79,2026-04-17T21:17:51.061Z,2025-03-01,2025-07-01,0.0529,0.1780,-0.1251
Quartile × Product Type × Brand Category,quartile__product_type__brand,performance_quartile,sold_product_type,brand_category,Q3,Tiered,Branded,149,131,123,87.9,82.6,342.17,361.01,39.82,257.99,301.62,95.2,206.38,6.11,8.45,51.62,84.18,59.39,24.6,108,41,50983.84,38440.97,12542.86,2026-04-17T21:17:51.061Z,2025-03-01,2025-07-01,0.8059,0.3136,0.4923
Quartile × Product Type × Brand Category,quartile__product_type__brand,performance_quartile,sold_product_type,brand_category,Q3,Tiered,Non-Brand,361,331,310,91.7,85.9,350.91,362.25,42.6,296.68,332,87.2,214.68,9.84,8.33,82.00,54.23,30.25,15.5,274,87,126676.80,107100.82,19575.99,2026-04-17T21:17:51.061Z,2025-03-01,2025-07-01,1.0000,0.6413,0.3587
Quartile × Product Type × Brand Category,quartile__product_type__brand,performance_quartile,sold_product_type,brand_category,Q4,Bundled,Branded,336,276,242,82.1,72,329.13,329.76,1.02,222.84,281.59,94.41,151.25,7.68,9.32,71.59,106.30,48.18,32.3,336,0,110588.81,74872.65,35716.16,2026-04-17T21:17:51.061Z,2025-03-01,2025-07-01,0.5162,0.0158,0.5004
Quartile × Product Type × Brand Category,quartile__product_type__brand,performance_quartile,sold_product_type,brand_category,Q4,Bundled,Non-Brand,674,581,534,86.2,79.2,329.35,329.76,0.96,257.22,300.84,85.25,166.38,9.04,10.05,90.84,72.13,29.24,21.9,674,0,221980.66,173368.16,48612.50,2026-04-17T21:17:51.061Z,2025-03-01,2025-07-01,0.5211,0.3071,0.2140
Quartile × Product Type × Brand Category,quartile__product_type__brand,performance_quartile,sold_product_type,brand_category,Q4,Fixed,Branded,939,853,720,90.8,76.7,306.60,267.41,85.5,229.48,300.75,101.29,178.72,6.04,8.40,50.75,74.62,51.75,24.3,662,264,283913.32,215478.12,68435.20,2026-04-17T21:17:51.061Z,2025-03-01,2025-07-01,0.0158,0.0721,-0.0563
Quartile × Product Type × Brand Category,quartile__product_type__brand,performance_quartile,sold_product_type,brand_category,Q4,Fixed,Non-Brand,1872,1718,1517,91.8,81,308.86,277.91,83.45,242.30,283.5,94.64,183.8,6.81,8.59,58.50,64.47,44.01,20.9,1203,648,571698.96,453588.07,118110.89,2026-04-17T21:17:51.061Z,2025-03-01,2025-07-01,0.0660,0.1807,-0.1147
Quartile × Product Type × Brand Category,quartile__product_type__brand,performance_quartile,sold_product_type,brand_category,Q4,Tiered,Branded,127,109,97,85.8,76.4,335.46,361.01,42.36,223.11,282.16,106.61,190.94,6.05,5.32,32.16,112.35,78.85,33.5,127,0,42602.90,28334.55,14268.35,2026-04-17T21:17:51.061Z,2025-03-01,2025-07-01,0.6568,0.0181,0.6387
Quartile × Product Type × Brand Category,quartile__product_type__brand,performance_quartile,sold_product_type,brand_category,Q4,Tiered,Non-Brand,274,236,217,86.1,79.2,348.63,361.01,42.79,253.12,305.12,101.66,197.99,6.20,8.89,55.12,95.51,57.12,27.4,213,61,95524.80,69354.03,26170.77,2026-04-17T21:17:51.061Z,2025-03-01,2025-07-01,0.9494,0.2723,0.6771
Quartile × Product Type × Mover/Switcher,quartile__product_type__mover_switcher,performance_quartile,sold_product_type,mover_switcher,Q1,Bundled,Mover,1214,1047,908,86.2,74.8,329.02,329.76,1.05,234.57,287.5,91.22,157.07,7.72,10.04,77.50,94.45,42.26,28.7,1214,0,399425.65,284766.31,114659.33,2026-04-17T21:17:51.061Z,2025-03-01,2025-07-01,0.5625,0.0000,0.5625
Quartile × Product Type × Mover/Switcher,quartile__product_type__mover_switcher,performance_quartile,sold_product_type,mover_switcher,Q1,Bundled,Switcher,932,760,729,81.5,78.2,329.17,329.76,1.03,276.19,321.93,86.73,164.26,10.81,10.35,111.93,52.98,7.83,16.1,932,0,306787.08,257405.72,49381.35,2026-04-17T21:17:51.061Z,2025-03-01,2025-07-01,0.5647,0.5197,0.0450
Quartile × Product Type × Mover/Switcher,quartile__product_type__mover_switcher,performance_quartile,sold_product_type,mover_switcher,Q1,Fixed,Mover,3429,3207,2814,93.5,82.1,317.36,350.07,83.69,239.93,294.15,93.39,195.79,5.44,8.12,44.15,74.76,57.07,23.6,2380,1003,1073612.80,822735.26,250877.54,2026-04-17T21:17:51.061Z,2025-03-01,2025-07-01,0.3900,0.0669,0.3231
Quartile × Product Type × Mover/Switcher,quartile__product_type__mover_switcher,performance_quartile,sold_product_type,mover_switcher,Q1,Fixed,Switcher,1317,1236,1111,93.8,84.4,294.11,266.73,74.73,245.83,271.35,87.37,174.48,7.71,9.25,71.35,47.34,28.72,16.1,713,597,385279.92,323760.76,61519.16,2026-04-17T21:17:51.061Z,2025-03-01,2025-07-01,0.0461,0.1406,-0.0945
Quartile × Product Type × Mover/Switcher,quartile__product_type__mover_switcher,performance_quartile,sold_product_type,mover_switcher,Q1,Tiered,Mover,1201,1108,1013,92.3,84.3,339.46,361.01,41.49,257.27,296.41,90.88,210.87,5.63,8.24,46.41,82.19,65.84,24.2,823,378,407696.78,308986.12,98710.66,2026-04-17T21:17:51.061Z,2025-03-01,2025-07-01,0.7169,0.2834,0.4335
Quartile × Product Type × Mover/Switcher,quartile__product_type__mover_switcher,performance_quartile,sold_product_type,mover_switcher,Q1,Tiered,Switcher,466,399,377,85.6,80.9,356.79,362.25,39.38,242.87,290.62,98.38,202.25,4.43,9.17,40.62,113.92,73.01,31.9,465,1,166265.02,113178.30,53086.72,2026-04-17T21:17:51.061Z,2025-03-01,2025-07-01,0.9732,0.1036,0.8696
Quartile × Product Type × Mover/Switcher,quartile__product_type__mover_switcher,performance_quartile,sold_product_type,mover_switcher,Q2,Bundled,Mover,1312,1163,1042,88.6,79.4,329.06,329.76,1.06,249.32,292.54,84.93,166.78,8.39,9.84,82.54,79.74,37.22,24.2,1312,0,431731.36,327113.56,104617.80,2026-04-17T21:17:51.061Z,2025-03-01,2025-07-01,0.5631,0.1842,0.3789
Quartile × Product Type × Mover/Switcher,quartile__product_type__mover_switcher,performance_quartile,sold_product_type,mover_switcher,Q2,Bundled,Switcher,868,747,720,86.1,82.9,329.10,329.76,1.07,282.78,318.58,79.02,174.19,10.54,10.30,108.58,46.32,11.18,14.1,868,0,285659.36,245450.11,40209.24,2026-04-17T21:17:51.061Z,2025-03-01,2025-07-01,0.5637,0.6019,-0.0382
Quartile × Product Type × Mover/Switcher,quartile__product_type__mover_switcher,performance_quartile,sold_product_type,mover_switcher,Q2,Fixed,Mover,3064,2850,2485,93,81.1,315.06,350.07,84.8,239.49,295.83,94.57,193.66,5.77,7.94,45.83,73.00,55.39,23.2,2136,888,952731.26,733801.52,218929.74,2026-04-17T21:17:51.061Z,2025-03-01,2025-07-01,0.3560,0.0614,0.2946
Quartile × Product Type × Mover/Switcher,quartile__product_type__mover_switcher,performance_quartile,sold_product_type,mover_switcher,Q2,Fixed,Switcher,1200,1111,1015,92.6,84.6,290.99,262.73,75.83,240.56,269.74,89.35,170.82,7.93,8.79,69.74,47.83,30.33,16.4,645,537,343950.12,288668.70,55281.42,2026-04-17T21:17:51.061Z,2025-03-01,2025-07-01,0.0000,0.0748,-0.0748
Quartile × Product Type × Mover/Switcher,quartile__product_type__mover_switcher,performance_quartile,sold_product_type,mover_switcher,Q2,Tiered,Mover,618,562,515,90.9,83.3,336.85,361.01,38.17,257.19,298.85,93.24,208.33,6.08,8.04,48.85,79.66,62.16,23.6,417,201,208173.81,158941.03,49232.78,2026-04-17T21:17:51.061Z,2025-03-01,2025-07-01,0.6783,0.2824,0.3959
Quartile × Product Type × Mover/Switcher,quartile__product_type__mover_switcher,performance_quartile,sold_product_type,mover_switcher,Q2,Tiered,Switcher,296,266,255,89.9,86.1,351.98,361.01,37.1,284.34,318.97,86.51,215.37,7.70,8.96,68.97,67.64,43.28,19.2,241,55,104186.93,84164.79,20022.14,2026-04-17T21:17:51.061Z,2025-03-01,2025-07-01,0.9021,0.6214,0.2807
Quartile × Product Type × Mover/Switcher,quartile__product_type__mover_switcher,performance_quartile,sold_product_type,mover_switcher,Q3,Bundled,Mover,957,851,742,88.9,77.5,329.31,329.76,0.97,238.34,285.52,87.69,162.82,7.62,9.91,75.52,90.97,44.56,27.6,957,0,315151.72,228094.38,87057.34,2026-04-17T21:17:51.061Z,2025-03-01,2025-07-01,0.5668,0.0471,0.5197
Quartile × Product Type × Mover/Switcher,quartile__product_type__mover_switcher,performance_quartile,sold_product_type,mover_switcher,Q3,Bundled,Switcher,715,596,571,83.4,79.9,329.50,329.76,0.87,277.66,319.96,84.28,167.71,10.66,10.32,109.96,51.83,10.13,15.7,715,0,235591.46,198529.90,37061.56,2026-04-17T21:17:51.061Z,2025-03-01,2025-07-01,0.5696,0.5380,0.0316
Quartile × Product Type × Mover/Switcher,quartile__product_type__mover_switcher,performance_quartile,sold_product_type,mover_switcher,Q3,Fixed,Mover,3103,2898,2509,93.4,80.9,312.64,327.43,85.06,237.14,294.39,94.93,192.75,5.56,7.98,44.39,73.18,58.12,23.4,2140,926,958556.25,735843.14,222713.10,2026-04-17T21:17:51.061Z,2025-03-01,2025-07-01,0.3202,0.0321,0.2881
Quartile × Product Type × Mover/Switcher,quartile__product_type__mover_switcher,performance_quartile,sold_product_type,mover_switcher,Q3,Fixed,Switcher,1116,1038,924,93,82.8,293.15,266.73,75.59,234.65,267.01,90.86,172.64,7.27,8.53,62.01,55.84,40.5,19.0,643,456,322177.26,261868.51,60308.75,2026-04-17T21:17:51.061Z,2025-03-01,2025-07-01,0.0319,0.0010,0.0309
Quartile × Product Type × Mover/Switcher,quartile__product_type__mover_switcher,performance_quartile,sold_product_type,mover_switcher,Q3,Tiered,Mover,317,290,265,91.5,83.6,342.12,361.01,41.56,266.82,307.83,92.72,208.99,7.11,8.13,57.83,75.30,54.42,22.0,230,87,108451.48,84580.72,23870.76,2026-04-17T21:17:51.061Z,2025-03-01,2025-07-01,0.7562,0.4027,0.3535
Quartile × Product Type × Mover/Switcher,quartile__product_type__mover_switcher,performance_quartile,sold_product_type,mover_switcher,Q3,Tiered,Switcher,193,172,168,89.1,87,358.60,362.25,40.69,314.66,347.04,84.17,217.62,10.34,9.39,97.04,43.94,16.59,12.3,158,35,69209.16,60728.89,8480.26,2026-04-17T21:17:51.061Z,2025-03-01,2025-07-01,1.0000,1.0000,0.0000
Quartile × Product Type × Mover/Switcher,quartile__product_type__mover_switcher,performance_quartile,sold_product_type,mover_switcher,Q4,Bundled,Mover,609,534,469,87.7,77,329.20,329.76,1.01,239.19,287.47,88.43,161.72,7.90,9.81,77.47,90.01,42.29,27.3,609,0,200484.78,145667.65,54817.13,2026-04-17T21:17:51.061Z,2025-03-01,2025-07-01,0.5652,0.0577,0.5075
Quartile × Product Type × Mover/Switcher,quartile__product_type__mover_switcher,performance_quartile,sold_product_type,mover_switcher,Q4,Bundled,Switcher,401,323,307,80.5,76.6,329.39,329.76,0.94,269.95,319.18,89.07,160.77,11.02,9.91,109.18,59.44,10.91,18.0,401,0,132084.69,108249.23,23835.46,2026-04-17T21:17:51.061Z,2025-03-01,2025-07-01,0.5680,0.4418,0.1262
Quartile × Product Type × Mover/Switcher,quartile__product_type__mover_switcher,performance_quartile,sold_product_type,mover_switcher,Q4,Fixed,Mover,2052,1889,1630,92.1,79.4,312.83,326.36,85.65,235.77,298.54,97.36,187.23,5.82,8.34,48.54,74.38,53.96,23.8,1462,561,632861.78,483808.56,149053.22,2026-04-17T21:17:51.061Z,2025-03-01,2025-07-01,0.3230,0.0150,0.3080
Quartile × Product Type × Mover/Switcher,quartile__product_type__mover_switcher,performance_quartile,sold_product_type,mover_switcher,Q4,Fixed,Switcher,759,682,607,89.9,80,295.43,266.73,78.57,238.31,270.06,94.42,168.25,7.72,9.08,70.06,56.00,32.45,19.0,422,332,222750.49,180879.78,41870.71,2026-04-17T21:17:51.061Z,2025-03-01,2025-07-01,0.0657,0.0467,0.0190
Quartile × Product Type × Mover/Switcher,quartile__product_type__mover_switcher,performance_quartile,sold_product_type,mover_switcher,Q4,Tiered,Mover,264,233,208,88.3,78.8,339.76,361.01,42.8,234.79,287.82,102.4,196.97,4.77,7.93,37.82,104.97,74.43,30.9,264,0,89696.13,61984.83,27711.29,2026-04-17T21:17:51.061Z,2025-03-01,2025-07-01,0.7213,0.0027,0.7186
Quartile × Product Type × Mover/Switcher,quartile__product_type__mover_switcher,performance_quartile,sold_product_type,mover_switcher,Q4,Tiered,Switcher,137,112,106,81.8,77.4,353.52,361.01,42.2,256.62,313.19,104.99,193.43,6.78,9.32,63.19,96.89,50.44,27.4,114,23,48431.58,35156.98,13274.60,2026-04-17T21:17:51.061Z,2025-03-01,2025-07-01,0.9249,0.2753,0.6496
Quartile × Product Type × Site/SERP,quartile__product_type__site_serp,performance_quartile,sold_product_type,site_serp_category,Q1,Bundled,SERP,743,607,521,81.7,70.1,328.96,329.76,1.05,223.60,286.35,96.19,147.25,7.92,9.64,76.35,105.36,43.41,32.0,743,0,244419.38,166137.16,78282.22,2026-04-17T21:17:51.061Z,2025-03-01,2025-07-01,0.4814,0.0484,0.4330
Quartile × Product Type × Site/SERP,quartile__product_type__site_serp,performance_quartile,sold_product_type,site_serp_category,Q1,Bundled,Site,1403,1200,1116,85.5,79.5,329.15,329.76,1.03,257.33,300.29,84.74,167.04,8.58,10.52,90.29,71.82,29.47,21.8,1403,0,461793.34,361033.14,100760.21,2026-04-17T21:17:51.061Z,2025-03-01,2025-07-01,0.4856,0.4329,0.0527
Quartile × Product Type × Site/SERP,quartile__product_type__site_serp,performance_quartile,sold_product_type,site_serp_category,Q1,Fixed,SERP,1645,1539,1328,93.6,80.7,310.53,311.07,83.55,241.69,299.5,94.78,192.19,6.08,8.14,49.50,67.07,51.72,21.6,1123,507,506167.43,397583.03,108584.41,2026-04-17T21:17:51.061Z,2025-03-01,2025-07-01,0.0759,0.2546,-0.1787
Quartile × Product Type × Site/SERP,quartile__product_type__site_serp,performance_quartile,sold_product_type,site_serp_category,Q1,Fixed,Site,3101,2904,2597,93.6,83.7,311.04,281.59,81.09,245.87,282.22,90.86,188.65,6.52,8.78,57.22,62.83,44,20.2,1994,1069,952725.28,762442.73,190282.55,2026-04-17T21:17:51.061Z,2025-03-01,2025-07-01,0.0871,0.3023,-0.2152
Quartile × Product Type × Site/SERP,quartile__product_type__site_serp,performance_quartile,sold_product_type,site_serp_category,Q1,Tiered,SERP,557,495,430,88.9,77.2,342.42,361.01,42.66,241.66,298.66,104.98,193,6.16,7.90,48.66,100.76,63.59,29.4,410,147,190727.94,134602.42,56125.52,2026-04-17T21:17:51.061Z,2025-03-01,2025-07-01,0.7776,0.2543,0.5233
Quartile × Product Type × Site/SERP,quartile__product_type__site_serp,performance_quartile,sold_product_type,site_serp_category,Q1,Tiered,Site,1110,1012,960,91.2,86.5,345.26,361.01,41.1,257.88,291.66,85.51,216.22,4.78,8.72,41.66,87.38,70.59,25.3,1108,2,383233.86,286245.35,96988.51,2026-04-17T21:17:51.061Z,2025-03-01,2025-07-01,0.8400,0.4392,0.4008
Quartile × Product Type × Site/SERP,quartile__product_type__site_serp,performance_quartile,sold_product_type,site_serp_category,Q2,Bundled,SERP,648,562,490,86.7,75.6,328.92,329.76,1.11,237.99,289.19,90.24,158.8,8.22,9.63,79.19,90.93,40.57,27.6,648,0,213138.63,154216.08,58922.55,2026-04-17T21:17:51.061Z,2025-03-01,2025-07-01,0.4805,0.2125,0.2680
Quartile × Product Type × Site/SERP,quartile__product_type__site_serp,performance_quartile,sold_product_type,site_serp_category,Q2,Bundled,Site,1532,1348,1272,88,83,329.15,329.76,1.03,266.62,302.26,78.86,174.36,8.99,10.26,92.26,62.53,27.51,19.0,1532,0,504252.08,408455.24,95796.84,2026-04-17T21:17:51.061Z,2025-03-01,2025-07-01,0.4856,0.5388,-0.0532
Quartile × Product Type × Site/SERP,quartile__product_type__site_serp,performance_quartile,sold_product_type,site_serp_category,Q2,Fixed,SERP,1407,1278,1101,90.8,78.3,310.76,326.36,85.56,235.28,298.98,98.67,186.3,6.22,7.87,48.98,73.07,52.24,23.5,973,416,431650.75,331039.63,100611.13,2026-04-17T21:17:51.061Z,2025-03-01,2025-07-01,0.0810,0.1816,-0.1006
Quartile × Product Type × Site/SERP,quartile__product_type__site_serp,performance_quartile,sold_product_type,site_serp_category,Q2,Fixed,Site,2857,2683,2399,93.9,84,307.08,267.41,81.82,244.13,281.44,91.14,187.69,6.72,8.40,56.44,60.28,44.78,19.6,1791,1026,865030.63,697482.74,167547.90,2026-04-17T21:17:51.061Z,2025-03-01,2025-07-01,0.0000,0.2825,-0.2825
Quartile × Product Type × Site/SERP,quartile__product_type__site_serp,performance_quartile,sold_product_type,site_serp_category,Q2,Tiered,SERP,281,248,223,88.3,79.4,338.77,361.01,40.65,280.79,332.39,101.36,198.4,10.47,7.87,82.39,57.99,28.62,17.1,189,92,95195.00,78901.15,16293.85,2026-04-17T21:17:51.061Z,2025-03-01,2025-07-01,0.6972,0.7003,-0.0031
Quartile × Product Type × Site/SERP,quartile__product_type__site_serp,performance_quartile,sold_product_type,site_serp_category,Q2,Tiered,Site,633,580,547,91.6,86.4,343.07,361.01,37.42,268.49,302.46,85.73,216.03,6.07,8.64,52.46,74.58,59.79,21.7,463,170,217165.74,169955.24,47210.50,2026-04-17T21:17:51.061Z,2025-03-01,2025-07-01,0.7919,0.5601,0.2318
Quartile × Product Type × Site/SERP,quartile__product_type__site_serp,performance_quartile,sold_product_type,site_serp_category,Q3,Bundled,SERP,462,397,346,85.9,74.9,329.30,329.76,0.98,230.28,283,91.16,157.27,7.65,9.54,73.00,99.03,47.08,30.1,462,0,152138.10,106387.82,45750.27,2026-04-17T21:17:51.061Z,2025-03-01,2025-07-01,0.4889,0.1246,0.3643
Quartile × Product Type × Site/SERP,quartile__product_type__site_serp,performance_quartile,sold_product_type,site_serp_category,Q3,Bundled,Site,1210,1050,967,86.8,79.9,329.43,329.76,0.92,257.74,299.92,84.16,167.83,8.67,10.37,89.92,71.68,30.17,21.8,1210,0,398605.08,311869.05,86736.03,2026-04-17T21:17:51.061Z,2025-03-01,2025-07-01,0.4917,0.4376,0.0541
Quartile × Product Type × Site/SERP,quartile__product_type__site_serp,performance_quartile,sold_product_type,site_serp_category,Q3,Fixed,SERP,1372,1271,1064,92.6,77.6,307.52,277.91,84.89,231.50,298.11,100.69,183.38,6.19,7.77,48.11,72.76,54.39,23.7,922,426,414542.44,317613.60,96928.84,2026-04-17T21:17:51.061Z,2025-03-01,2025-07-01,0.0097,0.1385,-0.1288
Quartile × Product Type × Site/SERP,quartile__product_type__site_serp,performance_quartile,sold_product_type,site_serp_category,Q3,Fixed,Site,2847,2665,2369,93.6,83.2,307.49,267.41,82.25,243.48,304.09,90.98,189.39,6.41,8.44,54.09,61.99,48.41,20.2,1807,1010,866191.07,693190.59,173000.48,2026-04-17T21:17:51.061Z,2025-03-01,2025-07-01,0.0090,0.2750,-0.2660
Quartile × Product Type × Site/SERP,quartile__product_type__site_serp,performance_quartile,sold_product_type,site_serp_category,Q3,Tiered,SERP,152,129,114,84.9,75,338.52,361.01,40.52,260.88,323.38,108.61,187.5,9.34,7.86,73.38,77.63,37.63,22.9,109,43,51454.29,39654.43,11799.87,2026-04-17T21:17:51.061Z,2025-03-01,2025-07-01,0.6917,0.4734,0.2183
Quartile × Product Type × Site/SERP,quartile__product_type__site_serp,performance_quartile,sold_product_type,site_serp_category,Q3,Tiered,Site,358,333,319,93,89.1,352.53,362.25,41.92,307.08,334.31,78,222.77,9.64,8.75,84.31,45.45,27.94,12.9,274,84,126206.34,109933.50,16272.85,2026-04-17T21:17:51.061Z,2025-03-01,2025-07-01,1.0000,1.0000,0.0000
Quartile × Product Type × Site/SERP,quartile__product_type__site_serp,performance_quartile,sold_product_type,site_serp_category,Q4,Bundled,SERP,292,237,201,81.2,68.8,329.15,329.76,1.04,219.35,284.8,97.43,144.55,7.98,9.37,74.80,109.80,45.29,33.4,292,0,96112.03,64050.59,32061.44,2026-04-17T21:17:51.061Z,2025-03-01,2025-07-01,0.4856,0.0000,0.4856
Quartile × Product Type × Site/SERP,quartile__product_type__site_serp,performance_quartile,sold_product_type,site_serp_category,Q4,Bundled,Site,718,620,575,86.4,80.1,329.33,329.76,0.96,260.01,301.84,83.93,168.18,9.04,10.16,91.84,69.32,28.25,21.0,718,0,236457.44,186689.22,49768.21,2026-04-17T21:17:51.061Z,2025-03-01,2025-07-01,0.4895,0.4635,0.0260
Quartile × Product Type × Site/SERP,quartile__product_type__site_serp,performance_quartile,sold_product_type,site_serp_category,Q4,Fixed,SERP,868,789,652,90.9,75.1,307.30,267.41,86.44,227.07,301.42,103.55,175.65,6.23,8.25,51.42,77.56,51.57,25.2,588,267,262739.83,197094.66,65645.17,2026-04-17T21:17:51.061Z,2025-03-01,2025-07-01,0.0048,0.0880,-0.0832
Quartile × Product Type × Site/SERP,quartile__product_type__site_serp,performance_quartile,sold_product_type,site_serp_category,Q4,Fixed,Site,1943,1782,1585,91.7,81.6,308.47,267.41,83.1,243.53,283.54,93.7,184.99,6.69,8.75,58.54,62.92,43.97,20.4,1247,675,592872.45,473178.36,119694.08,2026-04-17T21:17:51.061Z,2025-03-01,2025-07-01,0.0306,0.2756,-0.2450
Quartile × Product Type × Site/SERP,quartile__product_type__site_serp,performance_quartile,sold_product_type,site_serp_category,Q4,Tiered,SERP,117,100,87,85.5,74.4,331.63,326.36,41.33,230.49,294.59,109.63,185.9,6.45,6.91,44.59,101.15,66.42,30.5,81,36,38801.03,26966.90,11834.14,2026-04-17T21:17:51.061Z,2025-03-01,2025-07-01,0.5402,0.1270,0.4132
Quartile × Product Type × Site/SERP,quartile__product_type__site_serp,performance_quartile,sold_product_type,site_serp_category,Q4,Tiered,Site,284,245,227,86.3,79.9,349.74,361.01,42.69,255.01,305.19,100.31,199.82,6.10,9.05,55.19,94.73,57.06,27.1,224,60,99326.67,72423.02,26903.65,2026-04-17T21:17:51.061Z,2025-03-01,2025-07-01,0.9386,0.4065,0.5321
Tenure × Product Type × Brand Category,tenure__product_type__brand,tenure_category,sold_product_type,brand_category,0-30 Day Tenure,Bundled,Branded,60,49,40,81.7,66.7,328.82,328.54,1.08,216.09,286.09,99.83,140,8.13,9.36,76.09,112.73,43.67,34.3,60,0,19729.12,12965.32,6763.80,2026-04-17T21:17:51.061Z,2025-03-01,2025-07-01,0.5122,0.1027,0.4095
Tenure × Product Type × Brand Category,tenure__product_type__brand,tenure_category,sold_product_type,brand_category,0-30 Day Tenure,Bundled,Non-Brand,147,122,107,83,72.8,329.01,329.76,1.03,227.58,284.72,93.78,152.86,8.26,9.05,74.72,101.43,45.04,30.8,147,0,48364.16,33453.83,14910.32,2026-04-17T21:17:51.061Z,2025-03-01,2025-07-01,0.5158,0.1878,0.3280
Tenure × Product Type × Brand Category,tenure__product_type__brand,tenure_category,sold_product_type,brand_category,0-30 Day Tenure,Fixed,Branded,209,191,162,91.4,77.5,324.88,351.22,86.88,230.45,300.67,105.16,179.78,6.50,7.80,50.67,90.03,100.38,27.7,157,47,66276.51,48164.51,18112.00,2026-04-17T21:17:51.061Z,2025-03-01,2025-07-01,0.4382,0.2091,0.2291
Tenure × Product Type × Brand Category,tenure__product_type__brand,tenure_category,sold_product_type,brand_category,0-30 Day Tenure,Fixed,Non-Brand,617,571,510,92.5,82.7,321.22,329.68,84.55,234.80,299.92,95.14,184.88,6.16,8.10,49.92,82.12,109.01,25.6,472,131,193693.04,144871.03,48822.01,2026-04-17T21:17:51.061Z,2025-03-01,2025-07-01,0.3695,0.2413,0.1282
Tenure × Product Type × Brand Category,tenure__product_type__brand,tenure_category,sold_product_type,brand_category,0-30 Day Tenure,Tiered,Branded,23,20,19,87,82.6,328.47,328.08,39.96,206.52,250,96.89,206.52,null,6.45,null,121.94,111.01,37.1,22,1,7554.73,4750.00,2804.73,2026-04-17T21:17:51.061Z,2025-03-01,2025-07-01,0.5056,0.0318,0.4738
Tenure × Product Type × Brand Category,tenure__product_type__brand,tenure_category,sold_product_type,brand_category,0-30 Day Tenure,Tiered,Non-Brand,80,67,58,83.8,72.5,343.86,361.01,40.92,202.23,270.98,112.33,181.25,2.48,8.46,20.98,141.64,91.84,41.2,80,0,27508.96,16178.07,11330.90,2026-04-17T21:17:51.061Z,2025-03-01,2025-07-01,0.7946,0.0000,0.7946
Tenure × Product Type × Brand Category,tenure__product_type__brand,tenure_category,sold_product_type,brand_category,121-150 Day Tenure,Bundled,Branded,164,139,126,84.8,76.8,329.60,329.76,0.73,235.92,284.58,88.88,161.34,8.07,9.24,74.58,93.68,45.5,28.4,164,0,54054.92,38691.60,15363.32,2026-04-17T21:17:51.061Z,2025-03-01,2025-07-01,0.5268,0.2496,0.2772
Tenure × Product Type × Brand Category,tenure__product_type__brand,tenure_category,sold_product_type,brand_category,121-150 Day Tenure,Bundled,Non-Brand,402,348,326,86.6,81.1,329.69,330.08,0.7,253.72,293.42,82.33,170.3,8.74,9.55,83.42,75.97,36.66,23.0,402,0,132535.74,101996.17,30539.57,2026-04-17T21:17:51.061Z,2025-03-01,2025-07-01,0.5285,0.3814,0.1471
Tenure × Product Type × Brand Category,tenure__product_type__brand,tenure_category,sold_product_type,brand_category,121-150 Day Tenure,Fixed,Branded,395,372,303,94.2,76.7,303.20,267.41,82.66,240.42,297.7,96.69,192.72,6.03,7.91,47.70,61.80,53.52,20.4,248,145,119159.35,94967.82,24191.54,2026-04-17T21:17:51.061Z,2025-03-01,2025-07-01,0.0312,0.2829,-0.2517
Tenure × Product Type × Brand Category,tenure__product_type__brand,tenure_category,sold_product_type,brand_category,121-150 Day Tenure,Fixed,Non-Brand,821,786,692,95.7,84.3,306.39,267.41,82.14,256.50,304.11,83.2,202.39,6.50,8.33,54.11,46.64,47.11,15.2,477,331,247564.65,210586.36,36978.28,2026-04-17T21:17:51.061Z,2025-03-01,2025-07-01,0.0911,0.4020,-0.3109
Tenure × Product Type × Brand Category,tenure__product_type__brand,tenure_category,sold_product_type,brand_category,121-150 Day Tenure,Tiered,Branded,31,27,26,87.1,83.9,338.21,363.63,42.42,247.37,287.69,93.47,209.68,6.98,5.40,37.69,90.84,76.46,26.9,31,0,10484.48,7668.45,2816.03,2026-04-17T21:17:51.061Z,2025-03-01,2025-07-01,0.6885,0.3344,0.3541
Tenure × Product Type × Brand Category,tenure__product_type__brand,tenure_category,sold_product_type,brand_category,121-150 Day Tenure,Tiered,Non-Brand,82,75,71,91.5,86.6,350.07,363.63,40.7,247.35,280.89,85.73,216.46,3.42,9.03,30.89,102.72,83.26,29.3,82,0,28705.69,20282.65,8423.03,2026-04-17T21:17:51.061Z,2025-03-01,2025-07-01,0.9112,0.3342,0.5770
Tenure × Product Type × Brand Category,tenure__product_type__brand,tenure_category,sold_product_type,brand_category,31-60 Day Tenure,Bundled,Branded,344,280,243,81.4,70.6,329.02,329.76,1.11,219.05,280.71,95.78,148.34,7.26,9.74,70.71,109.97,49.06,33.4,344,0,113183.48,75352.57,37830.91,2026-04-17T21:17:51.061Z,2025-03-01,2025-07-01,0.5160,0.1246,0.3914
Tenure × Product Type × Brand Category,tenure__product_type__brand,tenure_category,sold_product_type,brand_category,31-60 Day Tenure,Bundled,Non-Brand,685,585,542,85.4,79.1,329.07,329.76,1.1,260.35,304.19,85.41,166.16,9.33,10.10,94.19,68.72,25.57,20.9,685,0,225411.21,178337.65,47073.56,2026-04-17T21:17:51.061Z,2025-03-01,2025-07-01,0.5169,0.4306,0.0863
Tenure × Product Type × Brand Category,tenure__product_type__brand,tenure_category,sold_product_type,brand_category,31-60 Day Tenure,Fixed,Branded,1041,963,819,92.5,78.7,309.98,311.07,86.9,235.99,301.86,98.87,184.12,6.37,8.14,51.86,71.31,50.64,23.0,682,344,318044.52,245660.99,72383.54,2026-04-17T21:17:51.061Z,2025-03-01,2025-07-01,0.1585,0.2501,-0.0916
Tenure × Product Type × Brand Category,tenure__product_type__brand,tenure_category,sold_product_type,brand_category,31-60 Day Tenure,Fixed,Non-Brand,2074,1923,1707,92.7,82.3,310.97,279.68,83.71,235.86,277.95,94.43,182.91,6.49,8.16,52.95,72.33,49.56,23.3,1363,680,635310.67,489177.26,146133.41,2026-04-17T21:17:51.061Z,2025-03-01,2025-07-01,0.1771,0.2491,-0.0720
Tenure × Product Type × Brand Category,tenure__product_type__brand,tenure_category,sold_product_type,brand_category,31-60 Day Tenure,Tiered,Branded,107,94,83,87.9,77.6,341.36,361.01,42.5,305.21,361.29,104.77,193.93,12.90,8.63,111.29,36.15,0.96,10.6,54,53,36525.46,32657.85,3867.61,2026-04-17T21:17:51.061Z,2025-03-01,2025-07-01,0.7477,0.7629,-0.0152
Tenure × Product Type × Brand Category,tenure__product_type__brand,tenure_category,sold_product_type,brand_category,31-60 Day Tenure,Tiered,Non-Brand,248,222,213,89.5,85.9,349.94,361.01,44.54,276.80,312.08,87.21,214.72,6.93,8.96,62.08,73.14,50.17,20.9,184,64,86784.67,68645.58,18139.09,2026-04-17T21:17:51.061Z,2025-03-01,2025-07-01,0.9087,0.5524,0.3563
Tenure × Product Type × Brand Category,tenure__product_type__brand,tenure_category,sold_product_type,brand_category,61-90 Day Tenure,Bundled,Branded,358,306,274,85.5,76.5,329.13,329.76,0.99,237.37,286.64,89.12,160.73,7.37,10.40,76.64,91.77,43.12,27.9,358,0,117830.28,84977.35,32852.94,2026-04-17T21:17:51.061Z,2025-03-01,2025-07-01,0.5180,0.2603,0.2577
Tenure × Product Type × Brand Category,tenure__product_type__brand,tenure_category,sold_product_type,brand_category,61-90 Day Tenure,Bundled,Non-Brand,716,636,587,88.8,82,329.24,329.76,0.92,266.13,303.96,80.77,172.16,8.61,10.91,93.96,63.12,25.8,19.2,716,0,235736.54,190546.03,45190.52,2026-04-17T21:17:51.061Z,2025-03-01,2025-07-01,0.5201,0.4734,0.0467
Tenure × Product Type × Brand Category,tenure__product_type__brand,tenure_category,sold_product_type,brand_category,61-90 Day Tenure,Fixed,Branded,976,892,773,91.4,79.2,316.42,350.07,85.13,232.32,297.98,99.8,184.34,5.80,8.27,47.98,81.42,55.01,25.7,718,244,304391.86,226741.14,77650.72,2026-04-17T21:17:51.061Z,2025-03-01,2025-07-01,0.2794,0.2229,0.0565
Tenure × Product Type × Brand Category,tenure__product_type__brand,tenure_category,sold_product_type,brand_category,61-90 Day Tenure,Fixed,Non-Brand,1798,1664,1471,92.5,81.8,312.87,282.19,82.86,243.92,303.17,91.86,190.76,6.09,8.73,53.17,67.98,49.34,21.7,1153,636,559716.23,438576.93,121139.30,2026-04-17T21:17:51.061Z,2025-03-01,2025-07-01,0.2127,0.3088,-0.0961
Tenure × Product Type × Brand Category,tenure__product_type__brand,tenure_category,sold_product_type,brand_category,61-90 Day Tenure,Tiered,Branded,96,82,74,85.4,77.1,347.01,362.25,41.96,264.75,322.04,105.63,192.71,7.36,9.79,72.04,82.26,40.21,23.7,74,22,33313.00,25415.81,7897.19,2026-04-17T21:17:51.061Z,2025-03-01,2025-07-01,0.8537,0.4631,0.3906
Tenure × Product Type × Brand Category,tenure__product_type__brand,tenure_category,sold_product_type,brand_category,61-90 Day Tenure,Tiered,Non-Brand,184,161,151,87.5,82.1,351.87,362.25,46.29,337.22,382.05,96.17,205.16,15.38,8.59,132.05,14.65,-19.81,4.2,53,131,64743.97,62047.69,2696.28,2026-04-17T21:17:51.061Z,2025-03-01,2025-07-01,0.9450,1.0000,-0.0550
Tenure × Product Type × Brand Category,tenure__product_type__brand,tenure_category,sold_product_type,brand_category,91-120 Day Tenure,Bundled,Branded,291,243,218,83.5,74.9,329.62,329.76,0.72,232.74,285.42,91.19,157.32,7.74,9.74,75.42,96.88,44.67,29.4,291,0,95919.27,67726.80,28192.47,2026-04-17T21:17:51.061Z,2025-03-01,2025-07-01,0.5272,0.2260,0.3012
Tenure × Product Type × Brand Category,tenure__product_type__brand,tenure_category,sold_product_type,brand_category,91-120 Day Tenure,Bundled,Non-Brand,664,583,536,87.8,80.7,329.69,329.76,0.6,256.72,297.2,82.9,169.52,8.85,9.85,87.20,72.98,32.89,22.1,664,0,218917.13,170460.17,48456.96,2026-04-17T21:17:51.061Z,2025-03-01,2025-07-01,0.5285,0.4037,0.1248
Tenure × Product Type × Brand Category,tenure__product_type__brand,tenure_category,sold_product_type,brand_category,91-120 Day Tenure,Fixed,Branded,692,642,556,92.8,80.3,310.59,312.09,84.88,229.67,292.96,96.57,186.71,5.50,7.81,42.96,78.19,59.55,25.2,487,195,211825.71,158929.86,52895.85,2026-04-17T21:17:51.061Z,2025-03-01,2025-07-01,0.1699,0.2033,-0.0334
Tenure × Product Type × Brand Category,tenure__product_type__brand,tenure_category,sold_product_type,brand_category,91-120 Day Tenure,Fixed,Non-Brand,1233,1159,1007,94,81.7,309.33,267.41,81.82,240.99,304.07,93.96,186.92,6.66,8.12,54.07,65.57,48.43,21.2,775,440,375835.68,297141.44,78694.24,2026-04-17T21:17:51.061Z,2025-03-01,2025-07-01,0.1463,0.2871,-0.1408
Tenure × Product Type × Brand Category,tenure__product_type__brand,tenure_category,sold_product_type,brand_category,91-120 Day Tenure,Tiered,Branded,84,73,68,86.9,81,338.50,361.01,39.67,286.85,334.47,98.76,202.38,10.56,8.00,84.47,51.65,27.78,15.3,53,31,28433.81,24095.43,4338.37,2026-04-17T21:17:51.061Z,2025-03-01,2025-07-01,0.6940,0.6269,0.0671
Tenure × Product Type × Brand Category,tenure__product_type__brand,tenure_category,sold_product_type,brand_category,91-120 Day Tenure,Tiered,Non-Brand,158,144,130,91.1,82.3,354.80,363.63,43.28,245.84,290.14,95.77,205.7,4.31,9.31,40.14,108.96,74.01,30.7,158,0,56058.14,38841.97,17216.18,2026-04-17T21:17:51.061Z,2025-03-01,2025-07-01,1.0000,0.3231,0.6769
Tenure × Product Type × Brand Category,tenure__product_type__brand,tenure_category,sold_product_type,brand_category,Vet,Bundled,Branded,1096,918,813,83.8,74.2,328.92,329.26,1.08,227.29,281.51,91.95,155.78,7.28,9.82,71.51,101.64,48.25,30.9,1096,0,360500.27,249106.54,111393.73,2026-04-17T21:17:51.061Z,2025-03-01,2025-07-01,0.5141,0.1856,0.3285
Tenure × Product Type × Brand Category,tenure__product_type__brand,tenure_category,sold_product_type,brand_category,Vet,Bundled,Non-Brand,2081,1812,1676,87.1,80.5,329.04,329.76,1.09,257.96,298.83,83.16,169.13,8.75,10.15,88.83,71.08,30.93,21.6,2081,0,684733.97,536815.23,147918.74,2026-04-17T21:17:51.061Z,2025-03-01,2025-07-01,0.5163,0.4128,0.1035
Tenure × Product Type × Brand Category,tenure__product_type__brand,tenure_category,sold_product_type,brand_category,Vet,Fixed,Branded,2217,2042,1805,92.1,81.4,308.77,310.03,84.2,242.30,301.78,93.99,190.52,6.22,8.33,51.78,64.47,49.44,20.9,1431,763,677443.88,537189.59,140254.29,2026-04-17T21:17:51.061Z,2025-03-01,2025-07-01,0.1357,0.2968,-0.1611
Tenure × Product Type × Brand Category,tenure__product_type__brand,tenure_category,sold_product_type,brand_category,Vet,Fixed,Non-Brand,3967,3706,3290,93.4,82.9,301.54,267.3,79.32,241.44,281.85,92.28,184.59,6.67,8.52,56.85,57.99,43.22,19.2,2409,1513,1182657.79,957797.64,224860.15,2026-04-17T21:17:51.061Z,2025-03-01,2025-07-01,0.0000,0.2905,-0.2905
Tenure × Product Type × Brand Category,tenure__product_type__brand,tenure_category,sold_product_type,brand_category,Vet,Tiered,Branded,856,768,688,89.7,80.4,340.32,361.01,40.76,248.95,298.02,99.35,200.93,6.11,7.86,48.02,91.36,64.23,26.8,601,255,291311.65,213103.83,78207.82,2026-04-17T21:17:51.061Z,2025-03-01,2025-07-01,0.7281,0.3461,0.3820
Tenure × Product Type × Brand Category,tenure__product_type__brand,tenure_category,sold_product_type,brand_category,Vet,Tiered,Non-Brand,1543,1409,1326,91.3,85.9,343.93,361.01,39.33,266.97,302.13,86.94,214.84,6.14,8.49,52.13,76.96,60.12,22.4,1132,411,530686.33,411934.43,118751.90,2026-04-17T21:17:51.061Z,2025-03-01,2025-07-01,0.7959,0.4796,0.3163
Tenure × Product Type × Mover/Switcher,tenure__product_type__mover_switcher,tenure_category,sold_product_type,mover_switcher,0-30 Day Tenure,Bundled,Mover,137,116,97,84.7,70.8,328.90,328.54,1.04,214.57,275.88,95.83,148.69,7.26,9.08,65.88,114.33,53.88,34.8,137,0,45059.02,29396.18,15662.84,2026-04-17T21:17:51.061Z,2025-03-01,2025-07-01,0.5642,0.1642,0.4000
Tenure × Product Type × Mover/Switcher,tenure__product_type__mover_switcher,tenure_category,sold_product_type,mover_switcher,0-30 Day Tenure,Bundled,Switcher,70,55,50,78.6,71.4,329.06,329.76,1.06,251.03,311.03,95.55,150,10.88,9.29,101.03,78.03,18.73,23.7,70,0,23034.25,17572.22,5462.04,2026-04-17T21:17:51.061Z,2025-03-01,2025-07-01,0.5663,0.3641,0.2022
Tenure × Product Type × Mover/Switcher,tenure__product_type__mover_switcher,tenure_category,sold_product_type,mover_switcher,0-30 Day Tenure,Fixed,Mover,614,566,489,92.2,79.6,325.77,351.22,85.98,230.72,293.26,99.73,187.46,5.39,8.03,43.26,90.68,91.74,27.8,459,141,195463.99,141661.73,53802.26,2026-04-17T21:17:51.061Z,2025-03-01,2025-07-01,0.5229,0.2528,0.2701
Tenure × Product Type × Mover/Switcher,tenure__product_type__mover_switcher,tenure_category,sold_product_type,mover_switcher,0-30 Day Tenure,Fixed,Switcher,212,196,183,92.5,86.3,311.62,277.91,81.83,236.90,269.52,91,172.38,8.11,7.96,64.52,70.56,96.05,22.6,136,71,64505.56,50222.19,14283.37,2026-04-17T21:17:51.061Z,2025-03-01,2025-07-01,0.3363,0.2867,0.0496
Tenure × Product Type × Mover/Switcher,tenure__product_type__mover_switcher,tenure_category,sold_product_type,mover_switcher,0-30 Day Tenure,Tiered,Mover,65,56,48,86.2,73.8,330.67,328.08,42.04,184.62,250,110.72,184.62,null,8.08,null,146.06,111.01,44.2,64,1,21493.84,12000.00,9493.84,2026-04-17T21:17:51.061Z,2025-03-01,2025-07-01,0.5875,0.0000,0.5875
Tenure × Product Type × Mover/Switcher,tenure__product_type__mover_switcher,tenure_category,sold_product_type,mover_switcher,0-30 Day Tenure,Tiered,Switcher,38,31,29,81.6,76.3,357.10,362.25,33.59,208.15,267.36,107.71,190.79,2.48,7.00,17.36,148.95,96.27,41.7,38,0,13569.85,7909.68,5660.17,2026-04-17T21:17:51.061Z,2025-03-01,2025-07-01,0.9360,0.1290,0.8070
Tenure × Product Type × Mover/Switcher,tenure__product_type__mover_switcher,tenure_category,sold_product_type,mover_switcher,121-150 Day Tenure,Bundled,Mover,307,274,247,89.3,80.5,329.69,329.76,0.66,244.20,285.24,83.41,168.96,8.33,9.03,75.24,85.48,44.84,25.9,307,0,101213.62,74970.18,26243.44,2026-04-17T21:17:51.061Z,2025-03-01,2025-07-01,0.5746,0.3267,0.2479
Tenure × Product Type × Mover/Switcher,tenure__product_type__mover_switcher,tenure_category,sold_product_type,mover_switcher,121-150 Day Tenure,Bundled,Switcher,259,213,205,82.2,79.2,329.64,329.76,0.76,270.56,314.35,85.47,166.22,10.22,10.21,104.35,59.08,15.74,17.9,259,0,85377.04,70075.67,15301.37,2026-04-17T21:17:51.061Z,2025-03-01,2025-07-01,0.5739,0.4712,0.1027
Tenure × Product Type × Mover/Switcher,tenure__product_type__mover_switcher,tenure_category,sold_product_type,mover_switcher,121-150 Day Tenure,Fixed,Mover,877,836,711,95.3,81.1,310.10,312.28,84.42,247.15,294.6,89.78,202.55,5.61,7.95,44.60,60.14,57.91,19.4,556,309,268234.03,216748.76,51485.27,2026-04-17T21:17:51.061Z,2025-03-01,2025-07-01,0.3162,0.3429,-0.0267
Tenure × Product Type × Mover/Switcher,tenure__product_type__mover_switcher,tenure_category,sold_product_type,mover_switcher,121-150 Day Tenure,Fixed,Switcher,339,322,284,95,83.8,293.12,267.3,75.27,257.44,291.73,82.33,190.71,7.48,8.92,66.73,33.99,-4.32,11.6,164,172,98489.97,87271.16,11218.81,2026-04-17T21:17:51.061Z,2025-03-01,2025-07-01,0.0923,0.3993,-0.3070
Tenure × Product Type × Mover/Switcher,tenure__product_type__mover_switcher,tenure_category,sold_product_type,mover_switcher,121-150 Day Tenure,Tiered,Mover,66,60,56,90.9,84.8,339.26,363.51,39.79,245.26,283.14,90.32,212.12,4.24,7.82,33.14,94.00,81.01,27.7,66,0,22390.94,16187.23,6203.71,2026-04-17T21:17:51.061Z,2025-03-01,2025-07-01,0.7008,0.3325,0.3683
Tenure × Product Type × Mover/Switcher,tenure__product_type__mover_switcher,tenure_category,sold_product_type,mover_switcher,121-150 Day Tenure,Tiered,Switcher,47,42,41,89.4,87.2,357.43,364.15,41.52,271.75,303.66,84.33,218.09,5.03,10.67,53.66,85.69,60.49,24.0,41,6,16799.23,12772.02,4027.21,2026-04-17T21:17:51.061Z,2025-03-01,2025-07-01,0.9404,0.4778,0.4626
Tenure × Product Type × Mover/Switcher,tenure__product_type__mover_switcher,tenure_category,sold_product_type,mover_switcher,31-60 Day Tenure,Bundled,Mover,633,551,483,87,76.3,328.98,329.76,1.11,239.55,289.31,89.37,160.24,7.98,9.94,79.31,89.43,40.45,27.2,633,0,208244.08,151635.27,56608.81,2026-04-17T21:17:51.061Z,2025-03-01,2025-07-01,0.5652,0.3012,0.2640
Tenure × Product Type × Mover/Switcher,tenure__product_type__mover_switcher,tenure_category,sold_product_type,mover_switcher,31-60 Day Tenure,Bundled,Switcher,396,314,302,79.3,76.3,329.17,329.76,1.08,278.32,328.17,89.46,160.15,11.75,10.06,118.17,50.85,1.91,15.4,326,70,130350.60,110215.22,20135.38,2026-04-17T21:17:51.061Z,2025-03-01,2025-07-01,0.5677,0.5138,0.0539
Tenure × Product Type × Mover/Switcher,tenure__product_type__mover_switcher,tenure_category,sold_product_type,mover_switcher,31-60 Day Tenure,Fixed,Mover,2287,2135,1860,93.4,81.3,315.03,328.58,86.25,235.14,295.51,95.52,189.63,5.86,7.77,45.51,76.52,56.99,24.3,1645,602,707875.89,537766.94,170108.96,2026-04-17T21:17:51.061Z,2025-03-01,2025-07-01,0.3812,0.2770,0.1042
Tenure × Product Type × Mover/Switcher,tenure__product_type__mover_switcher,tenure_category,sold_product_type,mover_switcher,31-60 Day Tenure,Fixed,Switcher,828,751,666,90.7,80.4,298.64,266.73,79.45,236.02,270.14,94.94,165.88,7.58,9.25,70.14,61.41,32.85,20.6,482,340,245479.30,195424.05,50055.25,2026-04-17T21:17:51.061Z,2025-03-01,2025-07-01,0.1651,0.2818,-0.1167
Tenure × Product Type × Mover/Switcher,tenure__product_type__mover_switcher,tenure_category,sold_product_type,mover_switcher,31-60 Day Tenure,Tiered,Mover,231,208,190,90,82.3,342.67,361.01,43.37,233.99,278.37,95.73,205.63,3.44,8.25,28.37,108.67,82.64,31.7,231,0,79156.38,54052.60,25103.78,2026-04-17T21:17:51.061Z,2025-03-01,2025-07-01,0.7457,0.2707,0.4750
Tenure × Product Type × Mover/Switcher,tenure__product_type__mover_switcher,tenure_category,sold_product_type,mover_switcher,31-60 Day Tenure,Tiered,Switcher,124,108,106,87.1,85.5,356.08,361.01,44.16,289.07,325.36,88.42,213.71,7.27,10.37,75.36,67.01,36.89,18.8,98,26,44153.76,35844.74,8309.01,2026-04-17T21:17:51.061Z,2025-03-01,2025-07-01,0.9226,0.5727,0.3499
Tenure × Product Type × Mover/Switcher,tenure__product_type__mover_switcher,tenure_category,sold_product_type,mover_switcher,61-90 Day Tenure,Bundled,Mover,653,586,523,89.7,80.1,329.22,329.76,0.92,255.77,297.58,83.92,168.19,7.99,10.96,87.58,73.45,32.18,22.3,653,0,214979.05,167018.69,47960.37,2026-04-17T21:17:51.061Z,2025-03-01,2025-07-01,0.5684,0.3901,0.1783
Tenure × Product Type × Mover/Switcher,tenure__product_type__mover_switcher,tenure_category,sold_product_type,mover_switcher,61-90 Day Tenure,Bundled,Switcher,421,356,338,84.6,80.3,329.19,329.76,0.98,276.39,317.79,83.65,168.6,10.34,10.43,107.79,52.79,11.97,16.0,421,0,138587.77,116361.48,22226.29,2026-04-17T21:17:51.061Z,2025-03-01,2025-07-01,0.5680,0.5032,0.0648
Tenure × Product Type × Mover/Switcher,tenure__product_type__mover_switcher,tenure_category,sold_product_type,mover_switcher,61-90 Day Tenure,Fixed,Mover,2057,1897,1657,92.2,80.6,318.64,350.07,84.48,237.64,294.89,95.42,192.75,5.44,8.25,44.89,79.49,57.62,24.9,1481,560,650340.81,488825.54,161515.27,2026-04-17T21:17:51.061Z,2025-03-01,2025-07-01,0.4289,0.2907,0.1382
Tenure × Product Type × Mover/Switcher,tenure__product_type__mover_switcher,tenure_category,sold_product_type,mover_switcher,61-90 Day Tenure,Fixed,Switcher,717,659,587,91.9,81.9,301.08,267.3,79.9,244.17,272.86,91.82,176.31,7.29,9.31,67.86,55.17,35.13,18.3,414,296,213767.27,175072.49,38694.78,2026-04-17T21:17:51.061Z,2025-03-01,2025-07-01,0.1973,0.3265,-0.1292
Tenure × Product Type × Mover/Switcher,tenure__product_type__mover_switcher,tenure_category,sold_product_type,mover_switcher,61-90 Day Tenure,Tiered,Mover,167,152,136,91,81.4,342.26,361.01,41.8,277.81,324.22,97.49,203.59,8.64,8.59,74.22,64.45,38.03,18.8,122,45,57156.67,46394.34,10762.33,2026-04-17T21:17:51.061Z,2025-03-01,2025-07-01,0.7403,0.5110,0.2293
Tenure × Product Type × Mover/Switcher,tenure__product_type__mover_switcher,tenure_category,sold_product_type,mover_switcher,61-90 Day Tenure,Tiered,Switcher,113,91,89,80.5,78.8,361.95,362.25,46.75,366.99,420.09,102.71,196.9,17.00,10.01,170.09,-5.04,-56.45,-1.4,41,72,40900.30,41469.61,-569.31,2026-04-17T21:17:51.061Z,2025-03-01,2025-07-01,1.0000,1.0000,0.0000
Tenure × Product Type × Mover/Switcher,tenure__product_type__mover_switcher,tenure_category,sold_product_type,mover_switcher,91-120 Day Tenure,Bundled,Mover,485,419,363,86.4,74.8,329.61,329.76,0.71,233.51,286.33,91.21,157.18,7.79,9.80,76.33,96.10,43.75,29.2,485,0,159861.11,113252.09,46609.02,2026-04-17T21:17:51.061Z,2025-03-01,2025-07-01,0.5735,0.2681,0.3054
Tenure × Product Type × Mover/Switcher,tenure__product_type__mover_switcher,tenure_category,sold_product_type,mover_switcher,91-120 Day Tenure,Bundled,Switcher,470,407,391,86.6,83.2,329.73,329.76,0.56,280.32,315.61,78.61,174.7,10.72,9.85,105.61,49.42,14.47,15.0,470,0,154975.29,131748.32,23226.97,2026-04-17T21:17:51.061Z,2025-03-01,2025-07-01,0.5751,0.5248,0.0503
Tenure × Product Type × Mover/Switcher,tenure__product_type__mover_switcher,tenure_category,sold_product_type,mover_switcher,91-120 Day Tenure,Fixed,Mover,1416,1319,1131,93.1,79.9,316.50,350.07,84.83,237.46,295.45,96.46,192.01,5.72,7.95,45.45,76.56,57.06,24.2,983,415,442465.56,336248.79,106216.78,2026-04-17T21:17:51.061Z,2025-03-01,2025-07-01,0.4006,0.2897,0.1109
Tenure × Product Type × Mover/Switcher,tenure__product_type__mover_switcher,tenure_category,sold_product_type,mover_switcher,91-120 Day Tenure,Fixed,Switcher,509,482,432,94.7,84.9,290.97,266.73,74.18,231.93,259.47,88.88,172.47,7.26,8.19,59.47,55.59,38,19.1,294,205,145195.83,118053.53,27142.30,2026-04-17T21:17:51.061Z,2025-03-01,2025-07-01,0.0640,0.2594,-0.1954
Tenure × Product Type × Mover/Switcher,tenure__product_type__mover_switcher,tenure_category,sold_product_type,mover_switcher,91-120 Day Tenure,Tiered,Mover,160,145,131,90.6,81.9,344.83,362.25,41.85,263.91,309.22,96.61,204.69,6.81,8.70,59.22,80.92,54.41,23.5,119,41,55172.53,42225.16,12947.36,2026-04-17T21:17:51.061Z,2025-03-01,2025-07-01,0.7742,0.4348,0.3394
Tenure × Product Type × Mover/Switcher,tenure__product_type__mover_switcher,tenure_category,sold_product_type,mover_switcher,91-120 Day Tenure,Tiered,Switcher,82,72,67,87.8,81.7,357.55,364.15,43.32,248.06,293.79,97.25,204.27,4.57,9.58,43.79,109.50,70.36,30.6,78,4,29319.43,20340.76,8978.67,2026-04-17T21:17:51.061Z,2025-03-01,2025-07-01,0.9420,0.3479,0.5941
Tenure × Product Type × Mover/Switcher,tenure__product_type__mover_switcher,tenure_category,sold_product_type,mover_switcher,Vet,Bundled,Mover,1877,1649,1448,87.9,77.1,328.95,329.76,1.09,239.22,287.22,88.2,162,7.83,9.86,77.22,89.73,42.54,27.3,1877,0,617436.61,449020.93,168415.68,2026-04-17T21:17:51.061Z,2025-03-01,2025-07-01,0.5648,0.2994,0.2654
Tenure × Product Type × Mover/Switcher,tenure__product_type__mover_switcher,tenure_category,sold_product_type,mover_switcher,Vet,Bundled,Switcher,1300,1081,1041,83.2,80.1,329.08,329.76,1.08,279.65,321.48,83.91,168.16,10.73,10.39,111.48,49.43,8.28,15.0,1300,0,427797.63,363540.11,64257.52,2026-04-17T21:17:51.061Z,2025-03-01,2025-07-01,0.5665,0.5211,0.0454
Tenure × Product Type × Mover/Switcher,tenure__product_type__mover_switcher,tenure_category,sold_product_type,mover_switcher,Vet,Fixed,Mover,4397,4091,3590,93,81.6,311.48,324.68,83.66,240.06,296.23,93.89,193.83,5.66,8.17,46.23,69.10,54.99,22.2,2993,1352,1353381.80,1055537.18,297844.62,2026-04-17T21:17:51.061Z,2025-03-01,2025-07-01,0.3344,0.3040,0.0304
Tenure × Product Type × Mover/Switcher,tenure__product_type__mover_switcher,tenure_category,sold_product_type,mover_switcher,Vet,Fixed,Switcher,1787,1657,1505,92.7,84.2,286.12,259.6,71.62,239.33,270.1,88.16,169.23,7.71,9.09,70.10,45.26,27.37,15.8,931,840,506719.86,427677.48,79042.38,2026-04-17T21:17:51.061Z,2025-03-01,2025-07-01,0.0000,0.3000,-0.3000
Tenure × Product Type × Mover/Switcher,tenure__product_type__mover_switcher,tenure_category,sold_product_type,mover_switcher,Vet,Tiered,Mover,1711,1572,1440,91.9,84.2,338.19,361.01,40.22,257.94,297.54,91.3,210.4,5.83,8.15,47.54,80.25,63.47,23.7,1162,549,578647.85,441337.21,137310.64,2026-04-17T21:17:51.061Z,2025-03-01,2025-07-01,0.6867,0.4020,0.2847
Tenure × Product Type × Mover/Switcher,tenure__product_type__mover_switcher,tenure_category,sold_product_type,mover_switcher,Vet,Tiered,Switcher,688,605,574,87.9,83.4,353.71,361.01,36.77,265.33,306.75,93.02,208.58,6.33,8.97,56.75,88.38,55.49,25.0,571,117,243350.13,182547.29,60802.84,2026-04-17T21:17:51.061Z,2025-03-01,2025-07-01,0.8913,0.4426,0.4487
Tenure × Product Type × Site/SERP,tenure__product_type__site_serp,tenure_category,sold_product_type,site_serp_category,0-30 Day Tenure,Bundled,SERP,68,57,45,83.8,66.2,328.63,328.54,1.13,207.43,278.46,100.09,138.97,7.92,8.64,68.46,121.20,51.3,36.9,68,0,22346.78,14105.31,8241.47,2026-04-17T21:17:51.061Z,2025-03-01,2025-07-01,0.5245,0.2657,0.2588
Tenure × Product Type × Site/SERP,tenure__product_type__site_serp,tenure_category,sold_product_type,site_serp_category,0-30 Day Tenure,Bundled,Site,139,114,102,82,73.4,329.11,329.76,0.97,234.22,290.12,93.15,154.1,8.38,9.56,80.12,94.89,39.64,28.8,139,0,45746.49,32556.84,13189.65,2026-04-17T21:17:51.061Z,2025-03-01,2025-07-01,0.5334,0.4130,0.1204
Tenure × Product Type × Site/SERP,tenure__product_type__site_serp,tenure_category,sold_product_type,site_serp_category,0-30 Day Tenure,Fixed,SERP,246,226,190,91.9,77.2,320.64,350.07,86.53,226.51,301.29,106.66,175.22,6.52,7.87,51.29,87.48,106.19,27.3,174,63,75991.97,55721.43,20270.53,2026-04-17T21:17:51.061Z,2025-03-01,2025-07-01,0.3752,0.3706,0.0046
Tenure × Product Type × Site/SERP,tenure__product_type__site_serp,tenure_category,sold_product_type,site_serp_category,0-30 Day Tenure,Fixed,Site,580,536,482,92.4,83.1,322.77,350.07,84.57,236.79,299.65,93.56,187.14,6.11,8.13,49.65,82.70,109.28,25.6,454,116,183977.58,137336.92,46640.66,2026-04-17T21:17:51.061Z,2025-03-01,2025-07-01,0.4150,0.4271,-0.0121
Tenure × Product Type × Site/SERP,tenure__product_type__site_serp,tenure_category,sold_product_type,site_serp_category,0-30 Day Tenure,Tiered,SERP,33,27,21,81.8,63.6,327.02,328.08,38.78,159.09,250,122.13,159.09,null,7.30,null,167.93,111.01,51.4,32,1,10791.74,5250.00,5541.74,2026-04-17T21:17:51.061Z,2025-03-01,2025-07-01,0.4944,0.0000,0.4944
Tenure × Product Type × Site/SERP,tenure__product_type__site_serp,tenure_category,sold_product_type,site_serp_category,0-30 Day Tenure,Tiered,Site,70,60,56,85.7,80,346.74,361.01,40.78,219.94,269.94,100.72,200,2.48,8.04,19.94,126.80,92.31,36.6,70,0,24271.95,15395.74,8876.21,2026-04-17T21:17:51.061Z,2025-03-01,2025-07-01,0.8627,0.3345,0.5282
Tenure × Product Type × Site/SERP,tenure__product_type__site_serp,tenure_category,sold_product_type,site_serp_category,121-150 Day Tenure,Bundled,SERP,155,131,116,84.5,74.8,329.60,329.76,0.78,228.85,281.69,91.42,157.16,8.10,8.85,71.69,100.75,48.4,30.6,155,0,51087.62,35471.18,15616.45,2026-04-17T21:17:51.061Z,2025-03-01,2025-07-01,0.5426,0.3834,0.1592
Tenure × Product Type × Site/SERP,tenure__product_type__site_serp,tenure_category,sold_product_type,site_serp_category,121-150 Day Tenure,Bundled,Site,411,356,336,86.6,81.8,329.69,330.08,0.68,257.97,296.29,81.21,171.68,8.76,9.85,86.29,71.72,33.79,21.8,411,0,135503.04,106027.15,29475.89,2026-04-17T21:17:51.061Z,2025-03-01,2025-07-01,0.5443,0.5435,0.0008
Tenure × Product Type × Site/SERP,tenure__product_type__site_serp,tenure_category,sold_product_type,site_serp_category,121-150 Day Tenure,Fixed,SERP,378,358,280,94.7,74.1,300.55,267.3,82.23,237.19,297.44,98.39,189.75,6.25,7.59,47.44,61.32,53.78,20.4,237,137,112404.38,89658.74,22745.64,2026-04-17T21:17:51.061Z,2025-03-01,2025-07-01,0.0000,0.4293,-0.4293
Tenure × Product Type × Site/SERP,tenure__product_type__site_serp,tenure_category,sold_product_type,site_serp_category,121-150 Day Tenure,Fixed,Site,838,800,715,95.5,85.3,307.52,267.41,82.27,258.67,305.13,82.42,203.53,6.36,8.67,55.13,46.15,46.08,15.0,493,334,254319.62,216763.00,37556.63,2026-04-17T21:17:51.061Z,2025-03-01,2025-07-01,0.1302,0.5474,-0.4172
Tenure × Product Type × Site/SERP,tenure__product_type__site_serp,tenure_category,sold_product_type,site_serp_category,121-150 Day Tenure,Tiered,SERP,32,28,26,87.5,81.3,332.25,310.53,43.07,224.81,271.69,99.14,203.13,3.00,7.23,21.69,107.44,90.63,32.3,32,0,10631.95,7193.98,3437.96,2026-04-17T21:17:51.061Z,2025-03-01,2025-07-01,0.5921,0.3612,0.2309
Tenure × Product Type × Site/SERP,tenure__product_type__site_serp,tenure_category,sold_product_type,site_serp_category,121-150 Day Tenure,Tiered,Site,81,74,71,91.4,87.7,352.57,364.15,39.42,274.44,305.31,82.75,219.14,5.97,9.26,55.31,78.13,58.84,22.2,66,15,28558.22,22229.79,6328.42,2026-04-17T21:17:51.061Z,2025-03-01,2025-07-01,0.9716,0.6340,0.3376
Tenure × Product Type × Site/SERP,tenure__product_type__site_serp,tenure_category,sold_product_type,site_serp_category,31-60 Day Tenure,Bundled,SERP,296,244,209,82.4,70.6,329.00,329.76,1.1,225.22,286.94,95.83,148.28,7.98,9.64,76.94,103.78,42.82,31.5,296,0,97385.42,66665.18,30720.25,2026-04-17T21:17:51.061Z,2025-03-01,2025-07-01,0.5314,0.3635,0.1679
Tenure × Product Type × Site/SERP,tenure__product_type__site_serp,tenure_category,sold_product_type,site_serp_category,31-60 Day Tenure,Bundled,Site,733,621,576,84.7,78.6,329.07,329.76,1.1,260.48,305.46,86.21,165.02,9.35,10.21,95.46,68.59,24.3,20.8,733,0,241209.27,190934.75,50274.52,2026-04-17T21:17:51.061Z,2025-03-01,2025-07-01,0.5327,0.5573,-0.0246
Tenure × Product Type × Site/SERP,tenure__product_type__site_serp,tenure_category,sold_product_type,site_serp_category,31-60 Day Tenure,Fixed,SERP,1016,933,782,91.8,77,312.25,327.43,86.34,225.51,296.38,101.44,179.13,5.93,7.82,46.38,84.06,56.13,26.9,727,274,312565.85,229120.59,83445.26,2026-04-17T21:17:51.061Z,2025-03-01,2025-07-01,0.2185,0.3651,-0.1466
Tenure × Product Type × Site/SERP,tenure__product_type__site_serp,tenure_category,sold_product_type,site_serp_category,31-60 Day Tenure,Fixed,Site,2099,1953,1744,93,83.1,309.86,279.68,84.02,242.37,282.03,93.1,185.34,6.77,8.42,57.03,64.71,45.48,20.9,1371,697,640789.34,508731.98,132057.37,2026-04-17T21:17:51.061Z,2025-03-01,2025-07-01,0.1739,0.4578,-0.2839
Tenure × Product Type × Site/SERP,tenure__product_type__site_serp,tenure_category,sold_product_type,site_serp_category,31-60 Day Tenure,Tiered,SERP,104,87,77,83.7,74,339.89,361.01,42.88,289.08,353.99,110.14,185.1,12.29,8.46,103.99,50.81,7.02,14.9,70,34,35349.00,30064.51,5284.49,2026-04-17T21:17:51.061Z,2025-03-01,2025-07-01,0.7348,0.7145,0.0203
Tenure × Product Type × Site/SERP,tenure__product_type__site_serp,tenure_category,sold_product_type,site_serp_category,31-60 Day Tenure,Tiered,Site,251,229,219,91.2,87.3,350.44,361.01,44.24,271.16,303.03,83.55,218.13,5.79,9.16,53.03,79.28,59.22,22.6,187,64,87961.14,68060.68,19900.45,2026-04-17T21:17:51.061Z,2025-03-01,2025-07-01,0.9318,0.6160,0.3158
Tenure × Product Type × Site/SERP,tenure__product_type__site_serp,tenure_category,sold_product_type,site_serp_category,61-90 Day Tenure,Bundled,SERP,314,269,238,85.7,75.8,329.15,329.76,0.98,238.74,289.56,90.09,159.17,7.68,10.36,79.56,90.41,40.2,27.5,314,0,103353.36,74963.35,28390.01,2026-04-17T21:17:51.061Z,2025-03-01,2025-07-01,0.5342,0.4378,0.0964
Tenure × Product Type × Site/SERP,tenure__product_type__site_serp,tenure_category,sold_product_type,site_serp_category,61-90 Day Tenure,Bundled,Site,760,673,623,88.6,82,329.23,329.76,0.93,266.48,304.34,80.78,172.14,8.58,11.00,94.34,62.75,25.42,19.1,760,0,250213.47,202526.20,47687.27,2026-04-17T21:17:51.061Z,2025-03-01,2025-07-01,0.5357,0.5903,-0.0546
Tenure × Product Type × Site/SERP,tenure__product_type__site_serp,tenure_category,sold_product_type,site_serp_category,61-90 Day Tenure,Fixed,SERP,915,832,714,90.9,78,314.56,328.08,85.9,234.47,300.89,101.29,183.58,6.05,8.41,50.89,78.06,51.62,24.8,645,260,284680.75,214541.19,70139.56,2026-04-17T21:17:51.061Z,2025-03-01,2025-07-01,0.2617,0.4143,-0.1526
Tenure × Product Type × Site/SERP,tenure__product_type__site_serp,tenure_category,sold_product_type,site_serp_category,61-90 Day Tenure,Fixed,Site,1859,1724,1530,92.7,82.3,313.88,312.28,82.57,242.49,301.57,91.31,190.92,5.93,8.70,51.57,70.05,50.94,22.3,1322,524,579427.34,450783.57,128643.76,2026-04-17T21:17:51.061Z,2025-03-01,2025-07-01,0.2490,0.4584,-0.2094
Tenure × Product Type × Site/SERP,tenure__product_type__site_serp,tenure_category,sold_product_type,site_serp_category,61-90 Day Tenure,Tiered,SERP,88,71,62,80.7,70.5,341.72,361.01,45.96,176.14,250,114.72,176.14,null,8.71,null,165.58,112.25,48.5,88,0,30071.15,15500.00,14571.15,2026-04-17T21:17:51.061Z,2025-03-01,2025-07-01,0.7690,0.0937,0.6753
Tenure × Product Type × Site/SERP,tenure__product_type__site_serp,tenure_category,sold_product_type,site_serp_category,61-90 Day Tenure,Tiered,Site,192,172,163,89.6,84.9,354.09,362.25,43.89,341.02,378.78,89.76,212.24,14.23,9.05,128.78,13.07,-16.53,3.7,48,144,67985.82,65476.05,2509.77,2026-04-17T21:17:51.061Z,2025-03-01,2025-07-01,1.0000,1.0000,0.0000
Tenure × Product Type × Site/SERP,tenure__product_type__site_serp,tenure_category,sold_product_type,site_serp_category,91-120 Day Tenure,Bundled,SERP,265,231,201,87.2,75.8,329.59,329.76,0.72,234.92,285.64,90.05,159.28,8.07,9.37,75.64,94.66,44.44,28.7,265,0,87340.80,62254.63,25086.17,2026-04-17T21:17:51.061Z,2025-03-01,2025-07-01,0.5424,0.4168,0.1256
Tenure × Product Type × Site/SERP,tenure__product_type__site_serp,tenure_category,sold_product_type,site_serp_category,91-120 Day Tenure,Bundled,Site,690,595,553,86.2,80.1,329.70,329.76,0.61,257.81,299.51,83.83,168.3,8.82,10.15,89.51,71.89,30.58,21.8,690,0,227495.60,177888.70,49606.90,2026-04-17T21:17:51.061Z,2025-03-01,2025-07-01,0.5445,0.5426,0.0019
Tenure × Product Type × Site/SERP,tenure__product_type__site_serp,tenure_category,sold_product_type,site_serp_category,91-120 Day Tenure,Fixed,SERP,620,578,480,93.2,77.4,308.46,282.19,84.22,231.09,294.69,99.65,186.4,5.78,7.73,44.69,74.00,57.82,24.0,413,196,187850.62,143278.40,44572.23,2026-04-17T21:17:51.061Z,2025-03-01,2025-07-01,0.1477,0.3958,-0.2481
Tenure × Product Type × Site/SERP,tenure__product_type__site_serp,tenure_category,sold_product_type,site_serp_category,91-120 Day Tenure,Fixed,Site,1305,1223,1083,93.7,83,310.41,279.68,82.31,240.89,278.83,92.57,187.05,6.53,8.24,53.83,67.06,48.67,21.6,840,448,399810.77,314357.48,85453.28,2026-04-17T21:17:51.061Z,2025-03-01,2025-07-01,0.1842,0.4496,-0.2654
Tenure × Product Type × Site/SERP,tenure__product_type__site_serp,tenure_category,sold_product_type,site_serp_category,91-120 Day Tenure,Tiered,SERP,72,65,56,90.3,77.8,341.34,362.25,39.06,292.05,347.61,104.66,194.44,11.62,8.40,97.61,49.28,16.02,14.4,48,24,24576.18,21027.78,3548.40,2026-04-17T21:17:51.061Z,2025-03-01,2025-07-01,0.7619,0.7308,0.0311
Tenure × Product Type × Site/SERP,tenure__product_type__site_serp,tenure_category,sold_product_type,site_serp_category,91-120 Day Tenure,Tiered,Site,170,152,142,89.4,83.5,352.45,363.63,43.83,252.91,294.09,93,208.82,4.71,9.36,44.09,99.54,70.06,28.2,160,10,59915.78,42994.55,16921.22,2026-04-17T21:17:51.061Z,2025-03-01,2025-07-01,0.9694,0.5157,0.4537
Tenure × Product Type × Site/SERP,tenure__product_type__site_serp,tenure_category,sold_product_type,site_serp_category,Vet,Bundled,SERP,1047,871,749,83.2,71.5,328.84,328.54,1.1,225.66,285.43,94.8,150.23,7.88,9.57,75.43,103.18,44.33,31.4,1047,0,344294.15,236262.45,108031.71,2026-04-17T21:17:51.061Z,2025-03-01,2025-07-01,0.5284,0.3659,0.1625
Tenure × Product Type × Site/SERP,tenure__product_type__site_serp,tenure_category,sold_product_type,site_serp_category,Vet,Bundled,Site,2130,1859,1740,87.3,81.7,329.08,329.76,1.07,262.25,300.7,81.24,171.55,8.74,10.38,90.70,66.83,29.06,20.3,2130,0,700940.08,558598.92,142341.16,2026-04-17T21:17:51.061Z,2025-03-01,2025-07-01,0.5329,0.5670,-0.0341
Tenure × Product Type × Site/SERP,tenure__product_type__site_serp,tenure_category,sold_product_type,site_serp_category,Vet,Fixed,SERP,2117,1950,1699,92.1,80.3,306.11,277.91,84.02,240.73,300.86,95.5,189.87,6.27,8.11,50.86,63.47,49.2,20.7,1427,669,641606.89,509635.36,131971.53,2026-04-17T21:17:51.061Z,2025-03-01,2025-07-01,0.1038,0.4487,-0.3449
Tenure × Product Type × Site/SERP,tenure__product_type__site_serp,tenure_category,sold_product_type,site_serp_category,Vet,Fixed,Site,4067,3798,3396,93.4,83.5,303.11,267.41,79.63,243.35,283.27,91.54,185.08,6.68,8.72,58.27,57.60,42.18,19.0,2501,1519,1218494.78,989692.63,228802.15,2026-04-17T21:17:51.061Z,2025-03-01,2025-07-01,0.0478,0.4631,-0.4153
Tenure × Product Type × Site/SERP,tenure__product_type__site_serp,tenure_category,sold_product_type,site_serp_category,Vet,Tiered,SERP,778,694,612,89.2,78.7,340.31,361.01,41.49,255.73,309.07,102.49,196.66,7.63,7.74,59.07,84.58,53.18,24.9,552,226,264758.26,198957.60,65800.66,2026-04-17T21:17:51.061Z,2025-03-01,2025-07-01,0.7426,0.5312,0.2114
Tenure × Product Type × Site/SERP,tenure__product_type__site_serp,tenure_category,sold_product_type,site_serp_category,Vet,Tiered,Site,1621,1483,1402,91.5,86.5,343.76,361.01,39.04,265.67,299.45,85.48,216.22,5.70,8.68,49.45,78.09,62.8,22.7,1181,440,557239.72,430654.40,126585.32,2026-04-17T21:17:51.061Z,2025-03-01,2025-07-01,0.8071,0.5858,0.2213
